,Hourly_Averages,Hours
0,4.416666666666667,9/21/18 0:55
1,1.5,9/21/18 1:55
2,1.0,9/21/18 2:55
3,3.9166666666666665,9/21/18 3:55
4,5.25,9/21/18 4:55
5,6.5,9/21/18 5:55
6,7.666666666666667,9/21/18 6:55
7,8.0,9/21/18 7:55
8,7.916666666666667,9/21/18 8:55
9,6.416666666666667,9/21/18 9:55
10,5.5,9/21/18 10:55
11,5.0,9/21/18 11:55
12,4.083333333333333,9/21/18 12:55
13,3.75,9/21/18 13:55
14,3.0,9/21/18 14:55
15,1.8333333333333333,9/21/18 15:55
16,1.0,9/21/18 16:55
17,0.75,9/21/18 17:55
18,3.5,9/21/18 18:55
19,2.6666666666666665,9/21/18 19:55
20,2.0833333333333335,9/21/18 20:55
21,2.5833333333333335,9/21/18 21:55
22,1.1666666666666667,9/21/18 22:55
23,1.4166666666666667,9/21/18 23:55
24,5.166666666666667,9/22/18 0:55
25,6.333333333333333,9/22/18 1:55
26,7.666666666666667,9/22/18 2:55
27,8.833333333333334,9/22/18 3:55
28,7.75,9/22/18 4:55
29,7.0,9/22/18 5:55
30,5.833333333333333,9/22/18 6:55
31,4.5,9/22/18 7:55
32,4.0,9/22/18 8:55
33,3.0833333333333335,9/22/18 9:55
34,1.0,9/22/18 10:55
35,1.0,9/22/18 11:55
36,3.0833333333333335,9/22/18 12:55
37,3.0833333333333335,9/22/18 13:55
38,1.5833333333333333,9/22/18 14:55
39,2.6666666666666665,9/22/18 15:55
40,3.5833333333333335,9/22/18 16:55
41,6.0,9/22/18 17:55
42,5.083333333333333,9/22/18 18:55
43,5.0,9/22/18 19:55
44,5.166666666666667,9/22/18 20:55
45,6.0,9/22/18 21:55
46,4.416666666666667,9/22/18 22:55
47,6.666666666666667,9/22/18 23:55
48,3.1666666666666665,9/23/18 0:55
49,1.9166666666666667,9/23/18 1:55
50,2.1666666666666665,9/23/18 2:55
51,1.25,9/23/18 3:55
52,1.0,9/23/18 4:55
53,2.1666666666666665,9/23/18 5:55
54,6.166666666666667,9/23/18 6:55
55,10.75,9/23/18 7:55
56,11.0,9/23/18 8:55
57,10.5,9/23/18 9:55
58,10.0,9/23/18 10:55
59,10.0,9/23/18 11:55
60,9.666666666666666,9/23/18 12:55
61,9.0,9/23/18 13:55
62,9.0,9/23/18 14:55
63,8.0,9/23/18 15:55
64,6.5,9/23/18 16:55
65,5.583333333333333,9/23/18 17:55
66,3.3333333333333335,9/23/18 18:55
67,1.5,9/23/18 19:55
68,2.0,9/23/18 20:55
69,1.9166666666666667,9/23/18 21:55
70,4.833333333333333,9/23/18 22:55
71,1.5,9/23/18 23:55
72,1.9166666666666667,9/24/18 0:55
73,7.916666666666667,9/24/18 1:55
74,12.0,9/24/18 2:55
75,12.0,9/24/18 3:55
76,12.0,9/24/18 4:55
77,12.0,9/24/18 5:55
78,12.0,9/24/18 6:55
79,10.166666666666666,9/24/18 7:55
80,8.5,9/24/18 8:55
81,8.0,9/24/18 9:55
82,8.0,9/24/18 10:55
83,7.666666666666667,9/24/18 11:55
84,6.25,9/24/18 12:55
85,4.333333333333333,9/24/18 13:55
86,3.0,9/24/18 14:55
87,2.0,9/24/18 15:55
88,1.5,9/24/18 16:55
89,2.0833333333333335,9/24/18 17:55
90,2.0833333333333335,9/24/18 18:55
91,1.0833333333333333,9/24/18 19:55
92,1.9166666666666667,9/24/18 20:55
93,5.583333333333333,9/24/18 21:55
94,10.0,9/24/18 22:55
95,10.0,9/24/18 23:55
96,10.0,9/25/18 0:55
97,9.833333333333334,9/25/18 1:55
98,9.0,9/25/18 2:55
99,8.0,9/25/18 3:55
100,8.0,9/25/18 4:55
101,8.0,9/25/18 5:55
102,8.0,9/25/18 6:55
103,7.083333333333333,9/25/18 7:55
104,7.0,9/25/18 8:55
105,6.333333333333333,9/25/18 9:55
106,5.0,9/25/18 10:55
107,3.25,9/25/18 11:55
108,1.0,9/25/18 12:55
109,1.1666666666666667,9/25/18 13:55
110,2.5,9/25/18 14:55
111,3.6666666666666665,9/25/18 15:55
112,6.25,9/25/18 16:55
113,7.0,9/25/18 17:55
114,6.666666666666667,9/25/18 18:55
115,5.0,9/25/18 19:55
116,5.0,9/25/18 20:55
117,4.75,9/25/18 21:55
118,4.0,9/25/18 22:55
119,4.0,9/25/18 23:55
120,3.4166666666666665,9/26/18 0:55
121,2.6666666666666665,9/26/18 1:55
122,1.5833333333333333,9/26/18 2:55
123,1.4166666666666667,9/26/18 3:55
124,1.0833333333333333,9/26/18 4:55
125,0.5833333333333334,9/26/18 5:55
126,1.4166666666666667,9/26/18 6:55
127,1.0,9/26/18 7:55
128,1.5,9/26/18 8:55
129,1.0,9/26/18 9:55
130,0.5,9/26/18 10:55
131,1.9166666666666667,9/26/18 11:55
132,6.833333333333333,9/26/18 12:55
133,8.0,9/26/18 13:55
134,8.0,9/26/18 14:55
135,8.0,9/26/18 15:55
136,7.833333333333333,9/26/18 16:55
137,7.0,9/26/18 17:55
138,6.583333333333333,9/26/18 18:55
139,6.0,9/26/18 19:55
140,5.666666666666667,9/26/18 20:55
141,2.9166666666666665,9/26/18 21:55
142,0.5,9/26/18 22:55
143,0.0,9/26/18 23:55
144,0.5833333333333334,9/27/18 0:55
145,2.5833333333333335,9/27/18 1:55
146,1.8333333333333333,9/27/18 2:55
147,8.0,9/27/18 3:55
148,8.0,9/27/18 4:55
149,7.0,9/27/18 5:55
150,7.0,9/27/18 6:55
151,7.0,9/27/18 7:55
152,7.0,9/27/18 8:55
153,7.0,9/27/18 9:55
154,6.333333333333333,9/27/18 10:55
155,6.0,9/27/18 11:55
156,6.0,9/27/18 12:55
157,6.0,9/27/18 13:55
158,6.0,9/27/18 14:55
159,6.0,9/27/18 15:55
160,4.5,9/27/18 16:55
161,1.75,9/27/18 17:55
162,0.0,9/27/18 18:55
163,1.4166666666666667,9/27/18 19:55
164,4.333333333333333,9/27/18 20:55
165,9.666666666666666,9/27/18 21:55
166,9.166666666666666,9/27/18 22:55
167,7.916666666666667,9/27/18 23:55
168,7.0,9/28/18 0:55
169,7.0,9/28/18 1:55
170,6.916666666666667,9/28/18 2:55
171,6.0,9/28/18 3:55
172,6.0,9/28/18 4:55
173,5.416666666666667,9/28/18 5:55
174,5.0,9/28/18 6:55
175,5.0,9/28/18 7:55
176,5.0,9/28/18 8:55
177,4.083333333333333,9/28/18 9:55
178,1.0,9/28/18 10:55
179,0.25,9/28/18 11:55
180,0.0,9/28/18 12:55
181,1.0833333333333333,9/28/18 13:55
182,3.5833333333333335,9/28/18 14:55
183,6.0,9/28/18 15:55
184,5.916666666666667,9/28/18 16:55
185,5.0,9/28/18 17:55
186,5.0,9/28/18 18:55
187,5.0,9/28/18 19:55
188,4.416666666666667,9/28/18 20:55
189,4.0,9/28/18 21:55
190,4.0,9/28/18 22:55
191,2.0,9/28/18 23:55
192,1.0833333333333333,9/29/18 0:55
193,1.75,9/29/18 1:55
194,1.3333333333333333,9/29/18 2:55
195,1.25,9/29/18 3:55
196,2.0,9/29/18 4:55
197,2.1666666666666665,9/29/18 5:55
198,3.25,9/29/18 6:55
199,3.75,9/29/18 7:55
200,4.0,9/29/18 8:55
201,4.0,9/29/18 9:55
202,4.0,9/29/18 10:55
203,4.0,9/29/18 11:55
204,6.333333333333333,9/29/18 12:55
205,7.0,9/29/18 13:55
206,7.0,9/29/18 14:55
207,4.583333333333333,9/29/18 15:55
208,6.0,9/29/18 16:55
209,6.0,9/29/18 17:55
210,5.416666666666667,9/29/18 18:55
211,3.0,9/29/18 19:55
212,3.0,9/29/18 20:55
213,3.0,9/29/18 21:55
214,2.0,9/29/18 22:55
215,1.75,9/29/18 23:55
216,1.25,9/30/18 0:55
217,1.0,9/30/18 1:55
218,1.6666666666666667,9/30/18 2:55
219,1.3333333333333333,9/30/18 3:55
220,2.5,9/30/18 4:55
221,4.0,9/30/18 5:55
222,3.1666666666666665,9/30/18 6:55
223,4.333333333333333,9/30/18 7:55
224,3.1666666666666665,9/30/18 8:55
225,0.16666666666666666,9/30/18 9:55
226,0.0,9/30/18 10:55
227,1.0,9/30/18 11:55
228,2.1666666666666665,9/30/18 12:55
229,1.8333333333333333,9/30/18 13:55
230,1.9166666666666667,9/30/18 14:55
231,2.0,9/30/18 15:55
232,2.9166666666666665,9/30/18 16:55
233,4.333333333333333,9/30/18 17:55
234,3.5,9/30/18 18:55
235,3.5833333333333335,9/30/18 19:55
236,4.416666666666667,9/30/18 20:55
237,3.8333333333333335,9/30/18 21:55
238,4.0,9/30/18 22:55
239,2.6666666666666665,9/30/18 23:55
240,7.583333333333333,10/1/18 0:55
241,9.0,10/1/18 1:55
242,8.416666666666666,10/1/18 2:55
243,8.0,10/1/18 3:55
244,8.0,10/1/18 4:55
245,8.0,10/1/18 5:55
246,8.0,10/1/18 6:55
247,7.5,10/1/18 7:55
248,3.75,10/1/18 8:55
249,0.8333333333333334,10/1/18 9:55
250,1.0,10/1/18 10:55
251,0.6666666666666666,10/1/18 11:55
252,2.0833333333333335,10/1/18 12:55
253,1.25,10/1/18 13:55
254,2.0,10/1/18 14:55
255,0.75,10/1/18 15:55
256,1.5833333333333333,10/1/18 16:55
257,0.5833333333333334,10/1/18 17:55
258,1.1666666666666667,10/1/18 18:55
259,1.8333333333333333,10/1/18 19:55
260,3.5833333333333335,10/1/18 20:55
261,2.5833333333333335,10/1/18 21:55
262,2.1666666666666665,10/1/18 22:55
263,3.4166666666666665,10/1/18 23:55
264,5.0,10/2/18 0:55
265,4.666666666666667,10/2/18 1:55
266,7.75,10/2/18 2:55
267,12.0,10/2/18 3:55
268,11.25,10/2/18 4:55
269,9.333333333333334,10/2/18 5:55
270,9.0,10/2/18 6:55
271,9.0,10/2/18 7:55
272,9.0,10/2/18 8:55
273,9.0,10/2/18 9:55
274,8.75,10/2/18 10:55
275,7.416666666666667,10/2/18 11:55
276,4.416666666666667,10/2/18 12:55
277,1.6666666666666667,10/2/18 13:55
278,4.0,10/2/18 14:55
279,2.1666666666666665,10/2/18 15:55
280,2.1666666666666665,10/2/18 16:55
281,3.0833333333333335,10/2/18 17:55
282,3.5833333333333335,10/2/18 18:55
283,3.9166666666666665,10/2/18 19:55
284,6.0,10/2/18 20:55
285,5.083333333333333,10/2/18 21:55
286,4.25,10/2/18 22:55
287,5.0,10/2/18 23:55
288,4.333333333333333,10/3/18 0:55
289,2.3333333333333335,10/3/18 1:55
290,1.3333333333333333,10/3/18 2:55
291,2.1666666666666665,10/3/18 3:55
292,1.6666666666666667,10/3/18 4:55
293,1.0,10/3/18 5:55
294,1.75,10/3/18 6:55
295,1.1666666666666667,10/3/18 7:55
296,1.0833333333333333,10/3/18 8:55
297,1.0,10/3/18 9:55
298,0.6666666666666666,10/3/18 10:55
299,0.8333333333333334,10/3/18 11:55
300,2.0,10/3/18 12:55
301,1.0833333333333333,10/3/18 13:55
302,3.0,10/3/18 14:55
303,2.0,10/3/18 15:55
304,4.5,10/3/18 16:55
305,6.916666666666667,10/3/18 17:55
306,6.0,10/3/18 18:55
307,6.0,10/3/18 19:55
308,1.9166666666666667,10/3/18 20:55
309,1.0,10/3/18 21:55
310,0.5833333333333334,10/3/18 22:55
311,2.0833333333333335,10/3/18 23:55
312,2.25,10/4/18 0:55
313,7.583333333333333,10/4/18 1:55
314,7.0,10/4/18 2:55
315,4.833333333333333,10/4/18 3:55
316,0.25,10/4/18 4:55
317,0.16666666666666666,10/4/18 5:55
318,0.0,10/4/18 6:55
319,0.0,10/4/18 7:55
320,0.0,10/4/18 8:55
321,0.0,10/4/18 9:55
322,0.0,10/4/18 10:55
323,0.0,10/4/18 11:55
324,0.0,10/4/18 12:55
325,0.0,10/4/18 13:55
326,1.5,10/4/18 14:55
327,1.75,10/4/18 15:55
328,1.3333333333333333,10/4/18 16:55
329,1.0833333333333333,10/4/18 17:55
330,2.25,10/4/18 18:55
331,2.0,10/4/18 19:55
332,2.6666666666666665,10/4/18 20:55
333,6.666666666666667,10/4/18 21:55
334,10.583333333333334,10/4/18 22:55
335,8.583333333333334,10/4/18 23:55
336,6.5,10/5/18 0:55
337,5.166666666666667,10/5/18 1:55
338,3.5833333333333335,10/5/18 2:55
339,2.3333333333333335,10/5/18 3:55
340,1.3333333333333333,10/5/18 4:55
341,2.0,10/5/18 5:55
342,0.8333333333333334,10/5/18 6:55
343,0.5833333333333334,10/5/18 7:55
344,1.0833333333333333,10/5/18 8:55
345,1.0833333333333333,10/5/18 9:55
346,0.4166666666666667,10/5/18 10:55
347,1.5,10/5/18 11:55
348,2.1666666666666665,10/5/18 12:55
349,2.3333333333333335,10/5/18 13:55
350,3.5833333333333335,10/5/18 14:55
351,3.1666666666666665,10/5/18 15:55
352,6.833333333333333,10/5/18 16:55
353,7.0,10/5/18 17:55
354,5.833333333333333,10/5/18 18:55
355,3.4166666666666665,10/5/18 19:55
356,1.0,10/5/18 20:55
357,0.0,10/5/18 21:55
358,3.3333333333333335,10/5/18 22:55
359,1.8333333333333333,10/5/18 23:55
360,4.916666666666667,10/6/18 0:55
361,3.25,10/6/18 1:55
362,2.0,10/6/18 2:55
363,1.0,10/6/18 3:55
364,1.0,10/6/18 4:55
365,0.6666666666666666,10/6/18 5:55
366,0.0,10/6/18 6:55
367,0.0,10/6/18 7:55
368,0.0,10/6/18 8:55
369,0.0,10/6/18 9:55
370,0.0,10/6/18 10:55
371,0.0,10/6/18 11:55
372,0.0,10/6/18 12:55
373,0.0,10/6/18 13:55
374,2.5,10/6/18 14:55
375,2.0,10/6/18 15:55
376,1.4166666666666667,10/6/18 16:55
377,0.5,10/6/18 17:55
378,4.083333333333333,10/6/18 18:55
379,7.0,10/6/18 19:55
380,7.0,10/6/18 20:55
381,6.916666666666667,10/6/18 21:55
382,5.0,10/6/18 22:55
383,2.3333333333333335,10/6/18 23:55
384,3.75,10/7/18 0:55
385,3.8333333333333335,10/7/18 1:55
386,2.75,10/7/18 2:55
387,1.9166666666666667,10/7/18 3:55
388,1.4166666666666667,10/7/18 4:55
389,2.9166666666666665,10/7/18 5:55
390,5.75,10/7/18 6:55
391,10.166666666666666,10/7/18 7:55
392,0.5833333333333334,10/7/18 8:55
393,0.0,10/7/18 9:55
394,0.0,10/7/18 10:55
395,0.25,10/7/18 11:55
396,2.8333333333333335,10/7/18 12:55
397,2.75,10/7/18 13:55
398,1.0833333333333333,10/7/18 14:55
399,1.0,10/7/18 15:55
400,1.25,10/7/18 16:55
401,1.75,10/7/18 17:55
402,2.4166666666666665,10/7/18 18:55
403,2.75,10/7/18 19:55
404,2.9166666666666665,10/7/18 20:55
405,5.916666666666667,10/7/18 21:55
406,6.25,10/7/18 22:55
407,5.25,10/7/18 23:55
408,5.0,10/8/18 0:55
409,4.25,10/8/18 1:55
410,1.6666666666666667,10/8/18 2:55
411,0.9166666666666666,10/8/18 3:55
412,1.1666666666666667,10/8/18 4:55
413,0.16666666666666666,10/8/18 5:55
414,0.08333333333333333,10/8/18 6:55
415,0.0,10/8/18 7:55
416,0.16666666666666666,10/8/18 8:55
417,0.08333333333333333,10/8/18 9:55
418,0.25,10/8/18 10:55
419,1.1666666666666667,10/8/18 11:55
420,2.5833333333333335,10/8/18 12:55
421,3.4166666666666665,10/8/18 13:55
422,2.5,10/8/18 14:55
423,4.5,10/8/18 15:55
424,3.0833333333333335,10/8/18 16:55
425,1.6666666666666667,10/8/18 17:55
426,7.583333333333333,10/8/18 18:55
427,8.0,10/8/18 19:55
428,8.0,10/8/18 20:55
429,8.416666666666666,10/8/18 21:55
430,8.75,10/8/18 22:55
431,5.75,10/8/18 23:55
432,4.416666666666667,10/9/18 0:55
433,1.4166666666666667,10/9/18 1:55
434,1.5,10/9/18 2:55
435,0.9166666666666666,10/9/18 3:55
436,0.5833333333333334,10/9/18 4:55
437,0.3333333333333333,10/9/18 5:55
438,0.25,10/9/18 6:55
439,0.0,10/9/18 7:55
440,0.0,10/9/18 8:55
441,0.6666666666666666,10/9/18 9:55
442,0.5833333333333334,10/9/18 10:55
443,1.1666666666666667,10/9/18 11:55
444,3.4166666666666665,10/9/18 12:55
445,3.5,10/9/18 13:55
446,3.5833333333333335,10/9/18 14:55
447,5.0,10/9/18 15:55
448,5.0,10/9/18 16:55
449,4.5,10/9/18 17:55
450,1.6666666666666667,10/9/18 18:55
451,2.0,10/9/18 19:55
452,3.0833333333333335,10/9/18 20:55
453,1.8333333333333333,10/9/18 21:55
454,3.0833333333333335,10/9/18 22:55
455,3.0,10/9/18 23:55
456,4.416666666666667,10/10/18 0:55
457,8.333333333333334,10/10/18 1:55
458,7.75,10/10/18 2:55
459,6.0,10/10/18 3:55
460,3.8333333333333335,10/10/18 4:55
461,0.5,10/10/18 5:55
462,0.0,10/10/18 6:55
463,0.0,10/10/18 7:55
464,0.0,10/10/18 8:55
465,0.0,10/10/18 9:55
466,0.0,10/10/18 10:55
467,0.4166666666666667,10/10/18 11:55
468,1.4166666666666667,10/10/18 12:55
469,2.0,10/10/18 13:55
470,2.5,10/10/18 14:55
471,1.25,10/10/18 15:55
472,0.3333333333333333,10/10/18 16:55
473,1.8333333333333333,10/10/18 17:55
474,3.3333333333333335,10/10/18 18:55
475,8.0,10/10/18 19:55
476,9.0,10/10/18 20:55
477,8.416666666666666,10/10/18 21:55
478,7.916666666666667,10/10/18 22:55
479,6.5,10/10/18 23:55
480,3.5,10/11/18 0:55
481,1.6666666666666667,10/11/18 1:55
482,2.75,10/11/18 2:55
483,2.5,10/11/18 3:55
484,1.0833333333333333,10/11/18 4:55
485,1.25,10/11/18 5:55
486,1.0833333333333333,10/11/18 6:55
487,0.16666666666666666,10/11/18 7:55
488,0.0,10/11/18 8:55
489,0.8333333333333334,10/11/18 9:55
490,0.3333333333333333,10/11/18 10:55
491,1.0833333333333333,10/11/18 11:55
492,1.6666666666666667,10/11/18 12:55
493,1.3333333333333333,10/11/18 13:55
494,1.5,10/11/18 14:55
495,3.25,10/11/18 15:55
496,5.916666666666667,10/11/18 16:55
497,5.833333333333333,10/11/18 17:55
498,4.666666666666667,10/11/18 18:55
499,3.0,10/11/18 19:55
500,3.0,10/11/18 20:55
501,2.75,10/11/18 21:55
502,3.3333333333333335,10/11/18 22:55
503,2.9166666666666665,10/11/18 23:55
504,1.8333333333333333,10/12/18 0:55
505,1.3333333333333333,10/12/18 1:55
506,2.5833333333333335,10/12/18 2:55
507,2.6666666666666665,10/12/18 3:55
508,3.5833333333333335,10/12/18 4:55
509,4.25,10/12/18 5:55
510,3.9166666666666665,10/12/18 6:55
511,1.9166666666666667,10/12/18 7:55
512,0.6666666666666666,10/12/18 8:55
513,1.0,10/12/18 9:55
514,1.0,10/12/18 10:55
515,2.3333333333333335,10/12/18 11:55
516,7.416666666666667,10/12/18 12:55
517,10.0,10/12/18 13:55
518,10.0,10/12/18 14:55
519,9.916666666666666,10/12/18 15:55
520,7.0,10/12/18 16:55
521,5.416666666666667,10/12/18 17:55
522,4.25,10/12/18 18:55
523,3.0,10/12/18 19:55
524,3.0,10/12/18 20:55
525,2.25,10/12/18 21:55
526,1.4166666666666667,10/12/18 22:55
527,1.75,10/12/18 23:55
528,3.4166666666666665,10/13/18 0:55
529,2.5833333333333335,10/13/18 1:55
530,4.666666666666667,10/13/18 2:55
531,5.75,10/13/18 3:55
532,5.0,10/13/18 4:55
533,4.25,10/13/18 5:55
534,4.0,10/13/18 6:55
535,4.0,10/13/18 7:55
536,4.0,10/13/18 8:55
537,4.0,10/13/18 9:55
538,3.4166666666666665,10/13/18 10:55
539,1.3333333333333333,10/13/18 11:55
540,1.5833333333333333,10/13/18 12:55
541,1.3333333333333333,10/13/18 13:55
542,1.1666666666666667,10/13/18 14:55
543,1.6666666666666667,10/13/18 15:55
544,0.8333333333333334,10/13/18 16:55
545,0.5833333333333334,10/13/18 17:55
546,3.8333333333333335,10/13/18 18:55
547,2.8333333333333335,10/13/18 19:55
548,2.5833333333333335,10/13/18 20:55
549,6.75,10/13/18 21:55
550,9.75,10/13/18 22:55
551,8.416666666666666,10/13/18 23:55
552,7.0,10/14/18 0:55
553,6.5,10/14/18 1:55
554,3.5,10/14/18 2:55
555,1.1666666666666667,10/14/18 3:55
556,3.5,10/14/18 4:55
557,2.0,10/14/18 5:55
558,2.25,10/14/18 6:55
559,3.25,10/14/18 7:55
560,2.9166666666666665,10/14/18 8:55
561,0.5,10/14/18 9:55
562,0.25,10/14/18 10:55
563,1.3333333333333333,10/14/18 11:55
564,1.6666666666666667,10/14/18 12:55
565,2.3333333333333335,10/14/18 13:55
566,2.4166666666666665,10/14/18 14:55
567,3.6666666666666665,10/14/18 15:55
568,2.1666666666666665,10/14/18 16:55
569,3.8333333333333335,10/14/18 17:55
570,4.0,10/14/18 18:55
571,4.0,10/14/18 19:55
572,3.8333333333333335,10/14/18 20:55
573,3.9166666666666665,10/14/18 21:55
574,3.0,10/14/18 22:55
575,4.0,10/14/18 23:55
576,3.8333333333333335,10/15/18 0:55
577,3.0833333333333335,10/15/18 1:55
578,0.4166666666666667,10/15/18 2:55
579,0.25,10/15/18 3:55
580,0.4166666666666667,10/15/18 4:55
581,0.25,10/15/18 5:55
582,0.4166666666666667,10/15/18 6:55
583,0.5,10/15/18 7:55
584,0.16666666666666666,10/15/18 8:55
585,3.1666666666666665,10/15/18 9:55
586,2.0833333333333335,10/15/18 10:55
587,0.0,10/15/18 11:55
588,3.5833333333333335,10/15/18 12:55
589,11.333333333333334,10/15/18 13:55
590,12.0,10/15/18 14:55
591,12.0,10/15/18 15:55
592,10.416666666666666,10/15/18 16:55
593,7.583333333333333,10/15/18 17:55
594,6.333333333333333,10/15/18 18:55
595,6.0,10/15/18 19:55
596,2.9166666666666665,10/15/18 20:55
597,0.0,10/15/18 21:55
598,0.0,10/15/18 22:55
599,0.0,10/15/18 23:55
600,1.5,10/16/18 0:55
601,1.5833333333333333,10/16/18 1:55
602,2.5,10/16/18 2:55
603,3.25,10/16/18 3:55
604,2.0833333333333335,10/16/18 4:55
605,1.25,10/16/18 5:55
606,3.25,10/16/18 6:55
607,3.0,10/16/18 7:55
608,3.5833333333333335,10/16/18 8:55
609,4.0,10/16/18 9:55
610,3.1666666666666665,10/16/18 10:55
611,3.0833333333333335,10/16/18 11:55
612,3.5833333333333335,10/16/18 12:55
613,3.0,10/16/18 13:55
614,2.25,10/16/18 14:55
615,2.0,10/16/18 15:55
616,1.0833333333333333,10/16/18 16:55
617,1.0,10/16/18 17:55
618,0.5,10/16/18 18:55
619,0.0,10/16/18 19:55
620,3.3333333333333335,10/16/18 20:55
621,3.1666666666666665,10/16/18 21:55
622,0.75,10/16/18 22:55
623,3.0,10/16/18 23:55
624,8.416666666666666,10/17/18 0:55
625,17.666666666666668,10/17/18 1:55
626,18.0,10/17/18 2:55
627,17.416666666666668,10/17/18 3:55
628,16.0,10/17/18 4:55
629,15.0,10/17/18 5:55
630,14.333333333333334,10/17/18 6:55
631,13.583333333333334,10/17/18 7:55
632,12.416666666666666,10/17/18 8:55
633,9.333333333333334,10/17/18 9:55
634,6.75,10/17/18 10:55
635,5.0,10/17/18 11:55
636,2.4166666666666665,10/17/18 12:55
637,1.4166666666666667,10/17/18 13:55
638,1.5,10/17/18 14:55
639,2.9166666666666665,10/17/18 15:55
640,3.0,10/17/18 16:55
641,0.3333333333333333,10/17/18 17:55
642,2.75,10/17/18 18:55
643,3.6666666666666665,10/17/18 19:55
644,1.5,10/17/18 20:55
645,8.0,10/17/18 21:55
646,11.166666666666666,10/17/18 22:55
647,9.666666666666666,10/17/18 23:55
648,8.166666666666666,10/18/18 0:55
649,5.0,10/18/18 1:55
650,3.0,10/18/18 2:55
651,2.8333333333333335,10/18/18 3:55
652,1.75,10/18/18 4:55
653,0.75,10/18/18 5:55
654,0.08333333333333333,10/18/18 6:55
655,0.0,10/18/18 7:55
656,2.0,10/18/18 8:55
657,2.1666666666666665,10/18/18 9:55
658,0.6666666666666666,10/18/18 10:55
659,1.9166666666666667,10/18/18 11:55
660,2.4166666666666665,10/18/18 12:55
661,1.5833333333333333,10/18/18 13:55
662,4.166666666666667,10/18/18 14:55
663,6.25,10/18/18 15:55
664,4.75,10/18/18 16:55
665,4.0,10/18/18 17:55
666,3.6666666666666665,10/18/18 18:55
667,2.75,10/18/18 19:55
668,2.0,10/18/18 20:55
669,2.6666666666666665,10/18/18 21:55
670,3.4166666666666665,10/18/18 22:55
671,6.666666666666667,10/18/18 23:55
672,11.0,10/19/18 0:55
673,11.0,10/19/18 1:55
674,10.833333333333334,10/19/18 2:55
675,10.0,10/19/18 3:55
676,10.0,10/19/18 4:55
677,5.916666666666667,10/19/18 5:55
678,1.75,10/19/18 6:55
679,0.6666666666666666,10/19/18 7:55
680,1.1666666666666667,10/19/18 8:55
681,1.0,10/19/18 9:55
682,0.4166666666666667,10/19/18 10:55
683,1.25,10/19/18 11:55
684,3.6666666666666665,10/19/18 12:55
685,3.3333333333333335,10/19/18 13:55
686,2.0,10/19/18 14:55
687,1.0,10/19/18 15:55
688,3.0833333333333335,10/19/18 16:55
689,5.0,10/19/18 17:55
690,5.0,10/19/18 18:55
691,5.0,10/19/18 19:55
692,5.0,10/19/18 20:55
693,5.0,10/19/18 21:55
694,2.5833333333333335,10/19/18 22:55
695,1.5,10/19/18 23:55
696,3.0833333333333335,10/20/18 0:55
697,2.1666666666666665,10/20/18 1:55
698,1.25,10/20/18 2:55
699,6.166666666666667,10/20/18 3:55
700,7.0,10/20/18 4:55
701,7.0,10/20/18 5:55
702,7.0,10/20/18 6:55
703,7.0,10/20/18 7:55
704,7.0,10/20/18 8:55
705,7.0,10/20/18 9:55
706,7.0,10/20/18 10:55
707,7.0,10/20/18 11:55
708,6.083333333333333,10/20/18 12:55
709,4.0,10/20/18 13:55
710,4.0,10/20/18 14:55
711,2.75,10/20/18 15:55
712,0.75,10/20/18 16:55
713,2.3333333333333335,10/20/18 17:55
714,4.0,10/20/18 18:55
715,3.8333333333333335,10/20/18 19:55
716,3.0,10/20/18 20:55
717,3.0,10/20/18 21:55
718,3.0,10/20/18 22:55
719,2.8333333333333335,10/20/18 23:55
720,0.9166666666666666,10/21/18 0:55
721,1.4166666666666667,10/21/18 1:55
722,2.5,10/21/18 2:55
723,3.25,10/21/18 3:55
724,3.3333333333333335,10/21/18 4:55
725,4.75,10/21/18 5:55
726,8.25,10/21/18 6:55
727,10.833333333333334,10/21/18 7:55
728,5.333333333333333,10/21/18 8:55
729,1.75,10/21/18 9:55
730,1.0,10/21/18 10:55
731,1.6666666666666667,10/21/18 11:55
732,1.4166666666666667,10/21/18 12:55
733,1.0833333333333333,10/21/18 13:55
734,2.5,10/21/18 14:55
735,3.6666666666666665,10/21/18 15:55
736,4.25,10/21/18 16:55
737,4.666666666666667,10/21/18 17:55
738,9.916666666666666,10/21/18 18:55
739,9.666666666666666,10/21/18 19:55
740,8.0,10/21/18 20:55
741,6.75,10/21/18 21:55
742,4.166666666666667,10/21/18 22:55
743,1.8333333333333333,10/21/18 23:55
744,2.3333333333333335,10/22/18 0:55
745,1.3333333333333333,10/22/18 1:55
746,2.3333333333333335,10/22/18 2:55
747,1.3333333333333333,10/22/18 3:55
748,1.25,10/22/18 4:55
749,0.6666666666666666,10/22/18 5:55
750,0.25,10/22/18 6:55
751,0.25,10/22/18 7:55
752,1.0833333333333333,10/22/18 8:55
753,0.08333333333333333,10/22/18 9:55
754,0.6666666666666666,10/22/18 10:55
755,1.3333333333333333,10/22/18 11:55
756,3.4166666666666665,10/22/18 12:55
757,1.9166666666666667,10/22/18 13:55
758,4.416666666666667,10/22/18 14:55
759,4.833333333333333,10/22/18 15:55
760,3.6666666666666665,10/22/18 16:55
761,3.0,10/22/18 17:55
762,3.3333333333333335,10/22/18 18:55
763,2.0833333333333335,10/22/18 19:55
764,2.5,10/22/18 20:55
765,2.75,10/22/18 21:55
766,4.166666666666667,10/22/18 22:55
767,2.6666666666666665,10/22/18 23:55
768,9.75,10/23/18 0:55
769,9.083333333333334,10/23/18 1:55
770,6.583333333333333,10/23/18 2:55
771,3.9166666666666665,10/23/18 3:55
772,0.5,10/23/18 4:55
773,0.0,10/23/18 5:55
774,0.0,10/23/18 6:55
775,0.0,10/23/18 7:55
776,0.0,10/23/18 8:55
777,0.0,10/23/18 9:55
778,0.0,10/23/18 10:55
779,0.0,10/23/18 11:55
780,0.0,10/23/18 12:55
781,0.0,10/23/18 13:55
782,0.0,10/23/18 14:55
783,0.0,10/23/18 15:55
784,0.0,10/23/18 16:55
785,0.0,10/23/18 17:55
786,0.0,10/23/18 18:55
787,0.0,10/23/18 19:55
788,2.4166666666666665,10/23/18 20:55
789,4.333333333333333,10/23/18 21:55
790,1.3333333333333333,10/23/18 22:55
791,2.5,10/23/18 23:55
792,1.9166666666666667,10/24/18 0:55
793,2.1666666666666665,10/24/18 1:55
794,8.5,10/24/18 2:55
795,11.0,10/24/18 3:55
796,11.0,10/24/18 4:55
797,11.0,10/24/18 5:55
798,11.0,10/24/18 6:55
799,11.0,10/24/18 7:55
800,10.0,10/24/18 8:55
801,10.0,10/24/18 9:55
802,9.333333333333334,10/24/18 10:55
803,7.916666666666667,10/24/18 11:55
804,6.416666666666667,10/24/18 12:55
805,4.0,10/24/18 13:55
806,2.3333333333333335,10/24/18 14:55
807,1.5833333333333333,10/24/18 15:55
808,1.8333333333333333,10/24/18 16:55
809,2.5,10/24/18 17:55
810,4.083333333333333,10/24/18 18:55
811,6.583333333333333,10/24/18 19:55
812,5.416666666666667,10/24/18 20:55
813,4.083333333333333,10/24/18 21:55
814,3.0,10/24/18 22:55
815,3.0,10/24/18 23:55
816,2.8333333333333335,10/25/18 0:55
817,1.3333333333333333,10/25/18 1:55
818,0.9166666666666666,10/25/18 2:55
819,1.0,10/25/18 3:55
820,0.5,10/25/18 4:55
821,0.4166666666666667,10/25/18 5:55
822,0.9166666666666666,10/25/18 6:55
823,1.0833333333333333,10/25/18 7:55
824,1.0,10/25/18 8:55
825,1.0833333333333333,10/25/18 9:55
826,0.08333333333333333,10/25/18 10:55
827,1.4166666666666667,10/25/18 11:55
828,2.9166666666666665,10/25/18 12:55
829,4.0,10/25/18 13:55
830,5.5,10/25/18 14:55
831,6.0,10/25/18 15:55
832,5.0,10/25/18 16:55
833,5.0,10/25/18 17:55
834,5.0,10/25/18 18:55
835,4.583333333333333,10/25/18 19:55
836,4.416666666666667,10/25/18 20:55
837,3.25,10/25/18 21:55
838,3.0,10/25/18 22:55
839,4.0,10/25/18 23:55
840,6.166666666666667,10/26/18 0:55
841,9.416666666666666,10/26/18 1:55
842,9.0,10/26/18 2:55
843,9.0,10/26/18 3:55
844,9.0,10/26/18 4:55
845,8.333333333333334,10/26/18 5:55
846,7.166666666666667,10/26/18 6:55
847,7.0,10/26/18 7:55
848,7.0,10/26/18 8:55
849,5.5,10/26/18 9:55
850,4.083333333333333,10/26/18 10:55
851,2.1666666666666665,10/26/18 11:55
852,2.0,10/26/18 12:55
853,1.5833333333333333,10/26/18 13:55
854,0.5833333333333334,10/26/18 14:55
855,1.1666666666666667,10/26/18 15:55
856,1.9166666666666667,10/26/18 16:55
857,6.416666666666667,10/26/18 17:55
858,7.583333333333333,10/26/18 18:55
859,6.5,10/26/18 19:55
860,6.0,10/26/18 20:55
861,5.666666666666667,10/26/18 21:55
862,4.0,10/26/18 22:55
863,2.3333333333333335,10/26/18 23:55
864,0.8333333333333334,10/27/18 0:55
865,8.416666666666666,10/27/18 1:55
866,8.583333333333334,10/27/18 2:55
867,6.916666666666667,10/27/18 3:55
868,6.0,10/27/18 4:55
869,6.0,10/27/18 5:55
870,5.0,10/27/18 6:55
871,2.5,10/27/18 7:55
872,2.0,10/27/18 8:55
873,2.0,10/27/18 9:55
874,0.6666666666666666,10/27/18 10:55
875,1.3333333333333333,10/27/18 11:55
876,2.4166666666666665,10/27/18 12:55
877,1.0,10/27/18 13:55
878,2.9166666666666665,10/27/18 14:55
879,5.583333333333333,10/27/18 15:55
880,6.166666666666667,10/27/18 16:55
881,4.833333333333333,10/27/18 17:55
882,4.0,10/27/18 18:55
883,4.0,10/27/18 19:55
884,2.1666666666666665,10/27/18 20:55
885,2.0,10/27/18 21:55
886,1.5,10/27/18 22:55
887,1.1666666666666667,10/27/18 23:55
888,1.9166666666666667,10/28/18 0:55
889,2.4166666666666665,10/28/18 1:55
890,2.0833333333333335,10/28/18 2:55
891,0.75,10/28/18 3:55
892,0.4166666666666667,10/28/18 4:55
893,1.0833333333333333,10/28/18 5:55
894,5.166666666666667,10/28/18 6:55
895,11.583333333333334,10/28/18 7:55
896,0.6666666666666666,10/28/18 8:55
897,1.3333333333333333,10/28/18 9:55
898,0.08333333333333333,10/28/18 10:55
899,0.5,10/28/18 11:55
900,1.25,10/28/18 12:55
901,1.6666666666666667,10/28/18 13:55
902,1.8333333333333333,10/28/18 14:55
903,1.9166666666666667,10/28/18 15:55
904,3.9166666666666665,10/28/18 16:55
905,6.0,10/28/18 17:55
906,5.583333333333333,10/28/18 18:55
907,4.25,10/28/18 19:55
908,4.0,10/28/18 20:55
909,2.4166666666666665,10/28/18 21:55
910,1.0833333333333333,10/28/18 22:55
911,0.0,10/28/18 23:55
912,0.0,10/29/18 0:55
913,0.0,10/29/18 1:55
914,0.0,10/29/18 2:55
915,0.0,10/29/18 3:55
916,0.0,10/29/18 4:55
917,0.0,10/29/18 5:55
918,0.0,10/29/18 6:55
919,0.0,10/29/18 7:55
920,0.0,10/29/18 8:55
921,0.0,10/29/18 9:55
922,0.0,10/29/18 10:55
923,0.0,10/29/18 11:55
924,0.0,10/29/18 12:55
925,0.0,10/29/18 13:55
926,0.0,10/29/18 14:55
927,0.0,10/29/18 15:55
928,1.9166666666666667,10/29/18 16:55
929,2.5,10/29/18 17:55
930,2.9166666666666665,10/29/18 18:55
931,1.8333333333333333,10/29/18 19:55
932,4.166666666666667,10/29/18 20:55
933,11.75,10/29/18 21:55
934,10.916666666666666,10/29/18 22:55
935,9.833333333333334,10/29/18 23:55
936,9.0,10/30/18 0:55
937,7.75,10/30/18 1:55
938,4.416666666666667,10/30/18 2:55
939,0.75,10/30/18 3:55
940,1.5,10/30/18 4:55
941,1.25,10/30/18 5:55
942,0.6666666666666666,10/30/18 6:55
943,0.75,10/30/18 7:55
944,1.0,10/30/18 8:55
945,1.0,10/30/18 9:55
946,2.4166666666666665,10/30/18 10:55
947,2.5,10/30/18 11:55
948,5.666666666666667,10/30/18 12:55
949,12.083333333333334,10/30/18 13:55
950,13.0,10/30/18 14:55
951,12.0,10/30/18 15:55
952,11.416666666666666,10/30/18 16:55
953,9.75,10/30/18 17:55
954,5.083333333333333,10/30/18 18:55
955,2.5833333333333335,10/30/18 19:55
956,1.5833333333333333,10/30/18 20:55
957,0.16666666666666666,10/30/18 21:55
958,0.75,10/30/18 22:55
959,1.4166666666666667,10/30/18 23:55
960,2.0,10/31/18 0:55
961,2.5,10/31/18 1:55
962,1.0,10/31/18 2:55
963,1.1666666666666667,10/31/18 3:55
964,2.0,10/31/18 4:55
965,3.5833333333333335,10/31/18 5:55
966,6.0,10/31/18 6:55
967,6.0,10/31/18 7:55
968,6.0,10/31/18 8:55
969,5.0,10/31/18 9:55
970,5.0,10/31/18 10:55
971,4.583333333333333,10/31/18 11:55
972,4.0,10/31/18 12:55
973,4.0,10/31/18 13:55
974,4.0,10/31/18 14:55
975,4.166666666666667,10/31/18 15:55
976,3.5,10/31/18 16:55
977,2.5,10/31/18 17:55
978,3.25,10/31/18 18:55
979,2.6666666666666665,10/31/18 19:55
980,3.3333333333333335,10/31/18 20:55
981,2.25,10/31/18 21:55
982,3.3333333333333335,10/31/18 22:55
983,9.666666666666666,10/31/18 23:55
984,9.333333333333334,11/1/18 0:55
985,8.0,11/1/18 1:55
986,8.0,11/1/18 2:55
987,7.833333333333333,11/1/18 3:55
988,7.0,11/1/18 4:55
989,7.0,11/1/18 5:55
990,6.0,11/1/18 6:55
991,5.666666666666667,11/1/18 7:55
992,5.0,11/1/18 8:55
993,3.1666666666666665,11/1/18 9:55
994,0.0,11/1/18 10:55
995,0.9166666666666666,11/1/18 11:55
996,2.1666666666666665,11/1/18 12:55
997,2.0833333333333335,11/1/18 13:55
998,2.1666666666666665,11/1/18 14:55
999,1.9166666666666667,11/1/18 15:55
1000,2.4166666666666665,11/1/18 16:55
1001,2.0,11/1/18 17:55
1002,2.0,11/1/18 18:55
1003,2.0,11/1/18 19:55
1004,1.4166666666666667,11/1/18 20:55
1005,1.0,11/1/18 21:55
1006,1.0,11/1/18 22:55
1007,1.4166666666666667,11/1/18 23:55
1008,3.25,11/2/18 0:55
1009,2.0833333333333335,11/2/18 1:55
1010,2.25,11/2/18 2:55
1011,2.75,11/2/18 3:55
1012,5.833333333333333,11/2/18 4:55
1013,6.833333333333333,11/2/18 5:55
1014,7.083333333333333,11/2/18 6:55
1015,5.083333333333333,11/2/18 7:55
1016,4.0,11/2/18 8:55
1017,4.0,11/2/18 9:55
1018,4.0,11/2/18 10:55
1019,3.4166666666666665,11/2/18 11:55
1020,2.0,11/2/18 12:55
1021,1.8333333333333333,11/2/18 13:55
1022,0.8333333333333334,11/2/18 14:55
1023,0.0,11/2/18 15:55
1024,0.0,11/2/18 16:55
1025,0.0,11/2/18 17:55
1026,0.0,11/2/18 18:55
1027,0.4166666666666667,11/2/18 19:55
1028,3.5833333333333335,11/2/18 20:55
1029,4.0,11/2/18 21:55
1030,3.0833333333333335,11/2/18 22:55
1031,2.0,11/2/18 23:55
1032,2.25,11/3/18 0:55
1033,2.0,11/3/18 1:55
1034,4.0,11/3/18 2:55
1035,3.0,11/3/18 3:55
1036,1.25,11/3/18 4:55
1037,2.0,11/3/18 5:55
1038,2.0,11/3/18 6:55
1039,1.5,11/3/18 7:55
1040,1.4166666666666667,11/3/18 8:55
1041,2.0,11/3/18 9:55
1042,2.4166666666666665,11/3/18 10:55
1043,3.0,11/3/18 11:55
1044,4.833333333333333,11/3/18 12:55
1045,8.583333333333334,11/3/18 13:55
1046,8.0,11/3/18 14:55
1047,8.5,11/3/18 15:55
1048,6.416666666666667,11/3/18 16:55
1049,3.8333333333333335,11/3/18 17:55
1050,3.0,11/3/18 18:55
1051,2.4166666666666665,11/3/18 19:55
1052,2.0,11/3/18 20:55
1053,0.9166666666666666,11/3/18 21:55
1054,2.0,11/3/18 22:55
1055,2.25,11/3/18 23:55
1056,1.1666666666666667,11/4/18 0:55
1057,3.4166666666666665,11/4/18 1:55
1058,2.4166666666666665,11/4/18 2:55
1059,2.3333333333333335,11/4/18 3:55
1060,2.4166666666666665,11/4/18 4:55
1061,4.416666666666667,11/4/18 5:55
1062,5.416666666666667,11/4/18 6:55
1063,6.083333333333333,11/4/18 7:55
1064,4.25,11/4/18 8:55
1065,2.1666666666666665,11/4/18 9:55
1066,2.0,11/4/18 10:55
1067,1.4166666666666667,11/4/18 11:55
1068,1.8333333333333333,11/4/18 12:55
1069,5.583333333333333,11/4/18 13:55
1070,8.083333333333334,11/4/18 14:55
1071,8.166666666666666,11/4/18 15:55
1072,9.5,11/4/18 16:55
1073,7.0,11/4/18 17:55
1074,4.75,11/4/18 18:55
1075,3.3333333333333335,11/4/18 19:55
1076,3.3333333333333335,11/4/18 20:55
1077,4.0,11/4/18 21:55
1078,3.75,11/4/18 22:55
1079,3.75,11/4/18 23:55
1080,1.9166666666666667,11/5/18 0:55
1081,2.5,11/5/18 1:55
1082,1.9166666666666667,11/5/18 2:55
1083,2.6666666666666665,11/5/18 3:55
1084,0.3333333333333333,11/5/18 4:55
1085,0.5833333333333334,11/5/18 5:55
1086,0.5833333333333334,11/5/18 6:55
1087,0.4166666666666667,11/5/18 7:55
1088,0.25,11/5/18 8:55
1089,0.08333333333333333,11/5/18 9:55
1090,0.75,11/5/18 10:55
1091,0.08333333333333333,11/5/18 11:55
1092,1.75,11/5/18 12:55
1093,4.5,11/5/18 13:55
1094,3.25,11/5/18 14:55
1095,3.25,11/5/18 15:55
1096,5.75,11/5/18 16:55
1097,7.0,11/5/18 17:55
1098,5.083333333333333,11/5/18 18:55
1099,3.0833333333333335,11/5/18 19:55
1100,2.0,11/5/18 20:55
1101,2.0,11/5/18 21:55
1102,0.75,11/5/18 22:55
1103,0.0,11/5/18 23:55
1104,1.75,11/6/18 0:55
1105,1.5,11/6/18 1:55
1106,3.0,11/6/18 2:55
1107,3.6666666666666665,11/6/18 3:55
1108,1.9166666666666667,11/6/18 4:55
1109,0.6666666666666666,11/6/18 5:55
1110,0.6666666666666666,11/6/18 6:55
1111,0.08333333333333333,11/6/18 7:55
1112,1.0,11/6/18 8:55
1113,0.6666666666666666,11/6/18 9:55
1114,0.6666666666666666,11/6/18 10:55
1115,1.0,11/6/18 11:55
1116,1.1666666666666667,11/6/18 12:55
1117,1.75,11/6/18 13:55
1118,2.5,11/6/18 14:55
1119,4.75,11/6/18 15:55
1120,8.333333333333334,11/6/18 16:55
1121,8.0,11/6/18 17:55
1122,7.5,11/6/18 18:55
1123,6.666666666666667,11/6/18 19:55
1124,5.583333333333333,11/6/18 20:55
1125,1.3333333333333333,11/6/18 21:55
1126,0.8333333333333334,11/6/18 22:55
1127,3.5833333333333335,11/6/18 23:55
1128,3.5,11/7/18 0:55
1129,4.333333333333333,11/7/18 1:55
1130,3.1666666666666665,11/7/18 2:55
1131,1.5,11/7/18 3:55
1132,3.0,11/7/18 4:55
1133,6.916666666666667,11/7/18 5:55
1134,9.0,11/7/18 6:55
1135,9.0,11/7/18 7:55
1136,9.0,11/7/18 8:55
1137,9.0,11/7/18 9:55
1138,9.0,11/7/18 10:55
1139,9.0,11/7/18 11:55
1140,8.416666666666666,11/7/18 12:55
1141,7.0,11/7/18 13:55
1142,6.75,11/7/18 14:55
1143,4.75,11/7/18 15:55
1144,3.0,11/7/18 16:55
1145,3.0,11/7/18 17:55
1146,1.5,11/7/18 18:55
1147,2.3333333333333335,11/7/18 19:55
1148,3.25,11/7/18 20:55
1149,5.083333333333333,11/7/18 21:55
1150,5.333333333333333,11/7/18 22:55
1151,4.833333333333333,11/7/18 23:55
1152,10.0,11/8/18 0:55
1153,10.0,11/8/18 1:55
1154,10.0,11/8/18 2:55
1155,10.0,11/8/18 3:55
1156,9.083333333333334,11/8/18 4:55
1157,8.0,11/8/18 5:55
1158,8.0,11/8/18 6:55
1159,8.0,11/8/18 7:55
1160,8.0,11/8/18 8:55
1161,7.333333333333333,11/8/18 9:55
1162,5.416666666666667,11/8/18 10:55
1163,4.166666666666667,11/8/18 11:55
1164,1.25,11/8/18 12:55
1165,0.5,11/8/18 13:55
1166,0.4166666666666667,11/8/18 14:55
1167,2.5,11/8/18 15:55
1168,3.8333333333333335,11/8/18 16:55
1169,2.8333333333333335,11/8/18 17:55
1170,4.0,11/8/18 18:55
1171,4.0,11/8/18 19:55
1172,4.0,11/8/18 20:55
1173,3.5,11/8/18 21:55
1174,2.1666666666666665,11/8/18 22:55
1175,1.0,11/8/18 23:55
1176,0.8333333333333334,11/9/18 0:55
1177,0.0,11/9/18 1:55
1178,1.8333333333333333,11/9/18 2:55
1179,6.833333333333333,11/9/18 3:55
1180,7.583333333333333,11/9/18 4:55
1181,7.833333333333333,11/9/18 5:55
1182,6.0,11/9/18 6:55
1183,4.916666666666667,11/9/18 7:55
1184,4.0,11/9/18 8:55
1185,4.0,11/9/18 9:55
1186,4.0,11/9/18 10:55
1187,4.0,11/9/18 11:55
1188,4.0,11/9/18 12:55
1189,3.1666666666666665,11/9/18 13:55
1190,2.4166666666666665,11/9/18 14:55
1191,2.0,11/9/18 15:55
1192,0.9166666666666666,11/9/18 16:55
1193,0.0,11/9/18 17:55
1194,1.25,11/9/18 18:55
1195,1.4166666666666667,11/9/18 19:55
1196,1.5,11/9/18 20:55
1197,1.6666666666666667,11/9/18 21:55
1198,1.9166666666666667,11/9/18 22:55
1199,3.5833333333333335,11/9/18 23:55
1200,2.8333333333333335,11/10/18 0:55
1201,2.1666666666666665,11/10/18 1:55
1202,2.6666666666666665,11/10/18 2:55
1203,3.0833333333333335,11/10/18 3:55
1204,1.4166666666666667,11/10/18 4:55
1205,1.4166666666666667,11/10/18 5:55
1206,1.1666666666666667,11/10/18 6:55
1207,1.0,11/10/18 7:55
1208,0.5,11/10/18 8:55
1209,0.08333333333333333,11/10/18 9:55
1210,0.0,11/10/18 10:55
1211,0.0,11/10/18 11:55
1212,1.1666666666666667,11/10/18 12:55
1213,3.5,11/10/18 13:55
1214,1.75,11/10/18 14:55
1215,2.4166666666666665,11/10/18 15:55
1216,0.9166666666666666,11/10/18 16:55
1217,0.5833333333333334,11/10/18 17:55
1218,0.9166666666666666,11/10/18 18:55
1219,1.75,11/10/18 19:55
1220,1.75,11/10/18 20:55
1221,3.0,11/10/18 21:55
1222,2.9166666666666665,11/10/18 22:55
1223,3.9166666666666665,11/10/18 23:55
1224,2.0833333333333335,11/11/18 0:55
1225,2.0833333333333335,11/11/18 1:55
1226,2.9166666666666665,11/11/18 2:55
1227,2.5,11/11/18 3:55
1228,4.166666666666667,11/11/18 4:55
1229,1.5833333333333333,11/11/18 5:55
1230,2.5,11/11/18 6:55
1231,2.0833333333333335,11/11/18 7:55
1232,0.9166666666666666,11/11/18 8:55
1233,0.16666666666666666,11/11/18 9:55
1234,0.25,11/11/18 10:55
1235,1.0833333333333333,11/11/18 11:55
1236,1.0833333333333333,11/11/18 12:55
1237,1.8333333333333333,11/11/18 13:55
1238,1.4166666666666667,11/11/18 14:55
1239,1.75,11/11/18 15:55
1240,2.3333333333333335,11/11/18 16:55
1241,1.5,11/11/18 17:55
1242,1.25,11/11/18 18:55
1243,1.3333333333333333,11/11/18 19:55
1244,1.0,11/11/18 20:55
1245,1.9166666666666667,11/11/18 21:55
1246,1.8333333333333333,11/11/18 22:55
1247,2.5,11/11/18 23:55
1248,1.6666666666666667,11/12/18 0:55
1249,1.8333333333333333,11/12/18 1:55
1250,2.3333333333333335,11/12/18 2:55
1251,2.0,11/12/18 3:55
1252,0.5,11/12/18 4:55
1253,0.5,11/12/18 5:55
1254,0.25,11/12/18 6:55
1255,0.75,11/12/18 7:55
1256,1.0,11/12/18 8:55
1257,1.5,11/12/18 9:55
1258,0.6666666666666666,11/12/18 10:55
1259,0.75,11/12/18 11:55
1260,1.5,11/12/18 12:55
1261,2.0,11/12/18 13:55
1262,0.9166666666666666,11/12/18 14:55
1263,0.8333333333333334,11/12/18 15:55
1264,2.5833333333333335,11/12/18 16:55
1265,1.3333333333333333,11/12/18 17:55
1266,1.1666666666666667,11/12/18 18:55
1267,1.4166666666666667,11/12/18 19:55
1268,1.4166666666666667,11/12/18 20:55
1269,2.3333333333333335,11/12/18 21:55
1270,1.5833333333333333,11/12/18 22:55
1271,2.0833333333333335,11/12/18 23:55
1272,2.4166666666666665,11/13/18 0:55
1273,1.6666666666666667,11/13/18 1:55
1274,0.75,11/13/18 2:55
1275,1.0,11/13/18 3:55
1276,1.4166666666666667,11/13/18 4:55
1277,1.25,11/13/18 5:55
1278,1.3333333333333333,11/13/18 6:55
1279,0.0,11/13/18 7:55
1280,0.0,11/13/18 8:55
1281,0.0,11/13/18 9:55
1282,1.1666666666666667,11/13/18 10:55
1283,0.4166666666666667,11/13/18 11:55
1284,1.3333333333333333,11/13/18 12:55
1285,1.3333333333333333,11/13/18 13:55
1286,1.25,11/13/18 14:55
1287,3.5833333333333335,11/13/18 15:55
1288,1.5,11/13/18 16:55
1289,2.5,11/13/18 17:55
1290,1.5833333333333333,11/13/18 18:55
1291,2.8333333333333335,11/13/18 19:55
1292,0.8333333333333334,11/13/18 20:55
1293,3.25,11/13/18 21:55
1294,2.4166666666666665,11/13/18 22:55
1295,2.5,11/13/18 23:55
1296,1.4166666666666667,11/14/18 0:55
1297,1.8333333333333333,11/14/18 1:55
1298,0.8333333333333334,11/14/18 2:55
1299,1.0,11/14/18 3:55
1300,1.25,11/14/18 4:55
1301,1.6666666666666667,11/14/18 5:55
1302,0.9166666666666666,11/14/18 6:55
1303,0.75,11/14/18 7:55
1304,0.4166666666666667,11/14/18 8:55
1305,0.0,11/14/18 9:55
1306,0.0,11/14/18 10:55
1307,0.25,11/14/18 11:55
1308,1.0,11/14/18 12:55
1309,2.75,11/14/18 13:55
1310,2.1666666666666665,11/14/18 14:55
1311,2.6666666666666665,11/14/18 15:55
1312,2.0,11/14/18 16:55
1313,1.5833333333333333,11/14/18 17:55
1314,3.3333333333333335,11/14/18 18:55
1315,3.5,11/14/18 19:55
1316,2.5833333333333335,11/14/18 20:55
1317,3.5,11/14/18 21:55
1318,2.1666666666666665,11/14/18 22:55
1319,1.75,11/14/18 23:55
1320,2.0833333333333335,11/15/18 0:55
1321,0.6666666666666666,11/15/18 1:55
1322,0.9166666666666666,11/15/18 2:55
1323,0.25,11/15/18 3:55
1324,0.8333333333333334,11/15/18 4:55
1325,1.0,11/15/18 5:55
1326,1.1666666666666667,11/15/18 6:55
1327,1.3333333333333333,11/15/18 7:55
1328,0.16666666666666666,11/15/18 8:55
1329,0.25,11/15/18 9:55
1330,0.6666666666666666,11/15/18 10:55
1331,0.25,11/15/18 11:55
1332,2.0,11/15/18 12:55
1333,1.3333333333333333,11/15/18 13:55
1334,2.4166666666666665,11/15/18 14:55
1335,4.833333333333333,11/15/18 15:55
1336,3.4166666666666665,11/15/18 16:55
1337,3.8333333333333335,11/15/18 17:55
1338,0.9166666666666666,11/15/18 18:55
1339,3.0,11/15/18 19:55
1340,2.75,11/15/18 20:55
1341,1.8333333333333333,11/15/18 21:55
1342,2.3333333333333335,11/15/18 22:55
1343,3.3333333333333335,11/15/18 23:55
1344,2.0833333333333335,11/16/18 0:55
1345,2.0,11/16/18 1:55
1346,2.5,11/16/18 2:55
1347,2.75,11/16/18 3:55
1348,1.9166666666666667,11/16/18 4:55
1349,1.0833333333333333,11/16/18 5:55
1350,1.3333333333333333,11/16/18 6:55
1351,0.5833333333333334,11/16/18 7:55
1352,0.0,11/16/18 8:55
1353,0.0,11/16/18 9:55
1354,0.08333333333333333,11/16/18 10:55
1355,0.8333333333333334,11/16/18 11:55
1356,1.25,11/16/18 12:55
1357,2.3333333333333335,11/16/18 13:55
1358,1.75,11/16/18 14:55
1359,2.5833333333333335,11/16/18 15:55
1360,1.75,11/16/18 16:55
1361,1.0833333333333333,11/16/18 17:55
1362,1.3333333333333333,11/16/18 18:55
1363,3.0833333333333335,11/16/18 19:55
1364,2.6666666666666665,11/16/18 20:55
1365,2.3333333333333335,11/16/18 21:55
1366,2.75,11/16/18 22:55
1367,2.1666666666666665,11/16/18 23:55
1368,1.6666666666666667,11/17/18 0:55
1369,1.5833333333333333,11/17/18 1:55
1370,2.0833333333333335,11/17/18 2:55
1371,1.4166666666666667,11/17/18 3:55
1372,2.5833333333333335,11/17/18 4:55
1373,1.8333333333333333,11/17/18 5:55
1374,1.75,11/17/18 6:55
1375,0.9166666666666666,11/17/18 7:55
1376,0.75,11/17/18 8:55
1377,1.25,11/17/18 9:55
1378,2.0,11/17/18 10:55
1379,2.0,11/17/18 11:55
1380,1.0833333333333333,11/17/18 12:55
1381,2.5,11/17/18 13:55
1382,1.3333333333333333,11/17/18 14:55
1383,2.5,11/17/18 15:55
1384,1.5,11/17/18 16:55
1385,0.5,11/17/18 17:55
1386,0.6666666666666666,11/17/18 18:55
1387,0.8333333333333334,11/17/18 19:55
1388,1.3333333333333333,11/17/18 20:55
1389,1.75,11/17/18 21:55
1390,1.25,11/17/18 22:55
1391,3.3333333333333335,11/17/18 23:55
1392,1.9166666666666667,11/18/18 0:55
1393,2.9166666666666665,11/18/18 1:55
1394,2.4166666666666665,11/18/18 2:55
1395,1.5833333333333333,11/18/18 3:55
1396,3.6666666666666665,11/18/18 4:55
1397,2.6666666666666665,11/18/18 5:55
1398,1.5,11/18/18 6:55
1399,1.75,11/18/18 7:55
1400,0.0,11/18/18 8:55
1401,0.16666666666666666,11/18/18 9:55
1402,0.0,11/18/18 10:55
1403,0.9166666666666666,11/18/18 11:55
1404,1.3333333333333333,11/18/18 12:55
1405,2.9166666666666665,11/18/18 13:55
1406,1.8333333333333333,11/18/18 14:55
1407,1.5833333333333333,11/18/18 15:55
1408,1.4166666666666667,11/18/18 16:55
1409,1.3333333333333333,11/18/18 17:55
1410,1.25,11/18/18 18:55
1411,2.25,11/18/18 19:55
1412,1.8333333333333333,11/18/18 20:55
1413,2.0,11/18/18 21:55
1414,1.0,11/18/18 22:55
1415,2.0,11/18/18 23:55
1416,1.8333333333333333,11/19/18 0:55
1417,0.5833333333333334,11/19/18 1:55
1418,0.6666666666666666,11/19/18 2:55
1419,2.9166666666666665,11/19/18 3:55
1420,1.5833333333333333,11/19/18 4:55
1421,1.5,11/19/18 5:55
1422,0.08333333333333333,11/19/18 6:55
1423,0.9166666666666666,11/19/18 7:55
1424,0.8333333333333334,11/19/18 8:55
1425,0.08333333333333333,11/19/18 9:55
1426,1.0,11/19/18 10:55
1427,0.9166666666666666,11/19/18 11:55
1428,1.3333333333333333,11/19/18 12:55
1429,1.6666666666666667,11/19/18 13:55
1430,1.6666666666666667,11/19/18 14:55
1431,1.5,11/19/18 15:55
1432,1.75,11/19/18 16:55
1433,1.5833333333333333,11/19/18 17:55
1434,1.0,11/19/18 18:55
1435,2.8333333333333335,11/19/18 19:55
1436,1.8333333333333333,11/19/18 20:55
1437,3.0833333333333335,11/19/18 21:55
1438,2.3333333333333335,11/19/18 22:55
1439,2.75,11/19/18 23:55
1440,2.6666666666666665,11/20/18 0:55
1441,2.0833333333333335,11/20/18 1:55
1442,0.8333333333333334,11/20/18 2:55
1443,1.3333333333333333,11/20/18 3:55
1444,0.75,11/20/18 4:55
1445,0.5,11/20/18 5:55
1446,0.6666666666666666,11/20/18 6:55
1447,0.4166666666666667,11/20/18 7:55
1448,0.0,11/20/18 8:55
1449,0.16666666666666666,11/20/18 9:55
1450,0.25,11/20/18 10:55
1451,1.1666666666666667,11/20/18 11:55
1452,0.3333333333333333,11/20/18 12:55
1453,2.0833333333333335,11/20/18 13:55
1454,1.5,11/20/18 14:55
1455,1.6666666666666667,11/20/18 15:55
1456,2.3333333333333335,11/20/18 16:55
1457,1.9166666666666667,11/20/18 17:55
1458,2.75,11/20/18 18:55
1459,1.8333333333333333,11/20/18 19:55
1460,2.3333333333333335,11/20/18 20:55
1461,2.25,11/20/18 21:55
1462,3.25,11/20/18 22:55
1463,2.5833333333333335,11/20/18 23:55
1464,2.0833333333333335,11/21/18 0:55
1465,1.5,11/21/18 1:55
1466,1.75,11/21/18 2:55
1467,1.5,11/21/18 3:55
1468,1.3333333333333333,11/21/18 4:55
1469,1.0,11/21/18 5:55
1470,0.75,11/21/18 6:55
1471,1.4166666666666667,11/21/18 7:55
1472,0.0,11/21/18 8:55
1473,0.5833333333333334,11/21/18 9:55
1474,0.4166666666666667,11/21/18 10:55
1475,1.3333333333333333,11/21/18 11:55
1476,1.1666666666666667,11/21/18 12:55
1477,2.3333333333333335,11/21/18 13:55
1478,1.5,11/21/18 14:55
1479,3.8333333333333335,11/21/18 15:55
1480,2.6666666666666665,11/21/18 16:55
1481,3.9166666666666665,11/21/18 17:55
1482,1.5833333333333333,11/21/18 18:55
1483,2.5833333333333335,11/21/18 19:55
1484,2.75,11/21/18 20:55
1485,3.3333333333333335,11/21/18 21:55
1486,2.4166666666666665,11/21/18 22:55
1487,2.5,11/21/18 23:55
1488,3.0,11/22/18 0:55
1489,2.4166666666666665,11/22/18 1:55
1490,1.0833333333333333,11/22/18 2:55
1491,1.75,11/22/18 3:55
1492,0.5833333333333334,11/22/18 4:55
1493,1.3333333333333333,11/22/18 5:55
1494,1.5833333333333333,11/22/18 6:55
1495,1.1666666666666667,11/22/18 7:55
1496,0.08333333333333333,11/22/18 8:55
1497,0.0,11/22/18 9:55
1498,0.08333333333333333,11/22/18 10:55
1499,0.16666666666666666,11/22/18 11:55
1500,0.0,11/22/18 12:55
1501,0.08333333333333333,11/22/18 13:55
1502,0.25,11/22/18 14:55
1503,0.75,11/22/18 15:55
1504,2.25,11/22/18 16:55
1505,2.5,11/22/18 17:55
1506,2.1666666666666665,11/22/18 18:55
1507,2.0,11/22/18 19:55
1508,2.1666666666666665,11/22/18 20:55
1509,2.0833333333333335,11/22/18 21:55
1510,2.3333333333333335,11/22/18 22:55
1511,2.0,11/22/18 23:55
1512,1.5,11/23/18 0:55
1513,1.0833333333333333,11/23/18 1:55
1514,0.8333333333333334,11/23/18 2:55
1515,1.6666666666666667,11/23/18 3:55
1516,0.3333333333333333,11/23/18 4:55
1517,0.0,11/23/18 5:55
1518,0.3333333333333333,11/23/18 6:55
1519,1.0,11/23/18 7:55
1520,1.0,11/23/18 8:55
1521,1.0,11/23/18 9:55
1522,1.25,11/23/18 10:55
1523,0.0,11/23/18 11:55
1524,0.6666666666666666,11/23/18 12:55
1525,1.0833333333333333,11/23/18 13:55
1526,1.6666666666666667,11/23/18 14:55
1527,0.75,11/23/18 15:55
1528,2.0,11/23/18 16:55
1529,1.9166666666666667,11/23/18 17:55
1530,1.25,11/23/18 18:55
1531,2.0,11/23/18 19:55
1532,1.0833333333333333,11/23/18 20:55
1533,2.0,11/23/18 21:55
1534,2.25,11/23/18 22:55
1535,1.5,11/23/18 23:55
1536,2.4166666666666665,11/24/18 0:55
1537,1.5,11/24/18 1:55
1538,1.25,11/24/18 2:55
1539,2.25,11/24/18 3:55
1540,1.5,11/24/18 4:55
1541,1.0,11/24/18 5:55
1542,1.0,11/24/18 6:55
1543,0.5833333333333334,11/24/18 7:55
1544,0.8333333333333334,11/24/18 8:55
1545,0.08333333333333333,11/24/18 9:55
1546,0.08333333333333333,11/24/18 10:55
1547,1.0,11/24/18 11:55
1548,2.8333333333333335,11/24/18 12:55
1549,2.75,11/24/18 13:55
1550,1.3333333333333333,11/24/18 14:55
1551,1.6666666666666667,11/24/18 15:55
1552,1.0,11/24/18 16:55
1553,1.6666666666666667,11/24/18 17:55
1554,1.0,11/24/18 18:55
1555,1.0,11/24/18 19:55
1556,2.0,11/24/18 20:55
1557,2.3333333333333335,11/24/18 21:55
1558,1.9166666666666667,11/24/18 22:55
1559,2.75,11/24/18 23:55
1560,1.6666666666666667,11/25/18 0:55
1561,1.6666666666666667,11/25/18 1:55
1562,1.5833333333333333,11/25/18 2:55
1563,2.75,11/25/18 3:55
1564,2.3333333333333335,11/25/18 4:55
1565,3.0833333333333335,11/25/18 5:55
1566,1.8333333333333333,11/25/18 6:55
1567,1.4166666666666667,11/25/18 7:55
1568,1.0,11/25/18 8:55
1569,0.08333333333333333,11/25/18 9:55
1570,0.0,11/25/18 10:55
1571,0.08333333333333333,11/25/18 11:55
1572,0.3333333333333333,11/25/18 12:55
1573,1.9166666666666667,11/25/18 13:55
1574,1.1666666666666667,11/25/18 14:55
1575,1.75,11/25/18 15:55
1576,2.5833333333333335,11/25/18 16:55
1577,1.6666666666666667,11/25/18 17:55
1578,1.8333333333333333,11/25/18 18:55
1579,1.5833333333333333,11/25/18 19:55
1580,1.4166666666666667,11/25/18 20:55
1581,1.75,11/25/18 21:55
1582,1.0833333333333333,11/25/18 22:55
1583,1.5833333333333333,11/25/18 23:55
1584,0.5,11/26/18 0:55
1585,1.0,11/26/18 1:55
1586,1.25,11/26/18 2:55
1587,1.3333333333333333,11/26/18 3:55
1588,1.0,11/26/18 4:55
1589,1.0,11/26/18 5:55
1590,0.8333333333333334,11/26/18 6:55
1591,0.0,11/26/18 7:55
1592,0.5833333333333334,11/26/18 8:55
1593,0.5,11/26/18 9:55
1594,0.5833333333333334,11/26/18 10:55
1595,1.6666666666666667,11/26/18 11:55
1596,0.5833333333333334,11/26/18 12:55
1597,0.9166666666666666,11/26/18 13:55
1598,1.5,11/26/18 14:55
1599,1.5,11/26/18 15:55
1600,0.0,11/26/18 16:55
1601,0.0,11/26/18 17:55
1602,0.0,11/26/18 18:55
1603,0.0,11/26/18 19:55
1604,0.0,11/26/18 20:55
1605,0.0,11/26/18 21:55
1606,0.0,11/26/18 22:55
1607,0.0,11/26/18 23:55
