,Hourly_Averages
0,4.416666666666667
1,1.5
2,1.0
3,3.9166666666666665
4,5.25
5,6.5
6,7.666666666666667
7,8.0
8,7.916666666666667
9,6.416666666666667
10,5.5
11,5.0
12,4.083333333333333
13,3.75
14,3.0
15,1.8333333333333333
16,1.0
17,0.75
18,3.5
19,2.6666666666666665
20,2.0833333333333335
21,2.5833333333333335
22,1.1666666666666667
23,1.4166666666666667
24,5.166666666666667
25,6.333333333333333
26,7.666666666666667
27,8.833333333333334
28,7.75
29,7.0
30,5.833333333333333
31,4.5
32,4.0
33,3.0833333333333335
34,1.0
35,1.0
36,3.0833333333333335
37,3.0833333333333335
38,1.5833333333333333
39,2.6666666666666665
40,3.5833333333333335
41,6.0
42,5.083333333333333
43,5.0
44,5.166666666666667
45,6.0
46,4.416666666666667
47,6.666666666666667
48,3.1666666666666665
49,1.9166666666666667
50,2.1666666666666665
51,1.25
52,1.0
53,2.1666666666666665
54,6.166666666666667
55,10.75
56,11.0
57,10.5
58,10.0
59,10.0
60,9.666666666666666
61,9.0
62,9.0
63,8.0
64,6.5
65,5.583333333333333
66,3.3333333333333335
67,1.5
68,2.0
69,1.9166666666666667
70,4.833333333333333
71,1.5
72,1.9166666666666667
73,7.916666666666667
74,12.0
75,12.0
76,12.0
77,12.0
78,12.0
79,10.166666666666666
80,8.5
81,8.0
82,8.0
83,7.666666666666667
84,6.25
85,4.333333333333333
86,3.0
87,2.0
88,1.5
89,2.0833333333333335
90,2.0833333333333335
91,1.0833333333333333
92,1.9166666666666667
93,5.583333333333333
94,10.0
95,10.0
96,10.0
97,9.833333333333334
98,9.0
99,8.0
100,8.0
101,8.0
102,8.0
103,7.083333333333333
104,7.0
105,6.333333333333333
106,5.0
107,3.25
108,1.0
109,1.1666666666666667
110,2.5
111,3.6666666666666665
112,6.25
113,7.0
114,6.666666666666667
115,5.0
116,5.0
117,4.75
118,4.0
119,4.0
120,3.4166666666666665
121,2.6666666666666665
122,1.5833333333333333
123,1.4166666666666667
124,1.0833333333333333
125,0.5833333333333334
126,1.4166666666666667
127,1.0
128,1.5
129,1.0
130,0.5
131,1.9166666666666667
132,6.833333333333333
133,8.0
134,8.0
135,8.0
136,7.833333333333333
137,7.0
138,6.583333333333333
139,6.0
140,5.666666666666667
141,2.9166666666666665
142,0.5
143,0.0
144,0.5833333333333334
145,2.5833333333333335
146,1.8333333333333333
147,8.0
148,8.0
149,7.0
150,7.0
151,7.0
152,7.0
153,7.0
154,6.333333333333333
155,6.0
156,6.0
157,6.0
158,6.0
159,6.0
160,4.5
161,1.75
162,0.0
163,1.4166666666666667
164,4.333333333333333
165,9.666666666666666
166,9.166666666666666
167,7.916666666666667
168,7.0
169,7.0
170,6.916666666666667
171,6.0
172,6.0
173,5.416666666666667
174,5.0
175,5.0
176,5.0
177,4.083333333333333
178,1.0
179,0.25
180,0.0
181,1.0833333333333333
182,3.5833333333333335
183,6.0
184,5.916666666666667
185,5.0
186,5.0
187,5.0
188,4.416666666666667
189,4.0
190,4.0
191,2.0
192,1.0833333333333333
193,1.75
194,1.3333333333333333
195,1.25
196,2.0
197,2.1666666666666665
198,3.25
199,3.75
200,4.0
201,4.0
202,4.0
203,4.0
204,6.333333333333333
205,7.0
206,7.0
207,4.583333333333333
208,6.0
209,6.0
210,5.416666666666667
211,3.0
212,3.0
213,3.0
214,2.0
215,1.75
216,1.25
217,1.0
218,1.6666666666666667
219,1.3333333333333333
220,2.5
221,4.0
222,3.1666666666666665
223,4.333333333333333
224,3.1666666666666665
225,0.16666666666666666
226,0.0
227,1.0
228,2.1666666666666665
229,1.8333333333333333
230,1.9166666666666667
231,2.0
232,2.9166666666666665
233,4.333333333333333
234,3.5
235,3.5833333333333335
236,4.416666666666667
237,3.8333333333333335
238,4.0
239,2.6666666666666665
240,7.583333333333333
241,9.0
242,8.416666666666666
243,8.0
244,8.0
245,8.0
246,8.0
247,7.5
248,3.75
249,0.8333333333333334
250,1.0
251,0.6666666666666666
252,2.0833333333333335
253,1.25
254,2.0
255,0.75
256,1.5833333333333333
257,0.5833333333333334
258,1.1666666666666667
259,1.8333333333333333
260,3.5833333333333335
261,2.5833333333333335
262,2.1666666666666665
263,3.4166666666666665
264,5.0
265,4.666666666666667
266,7.75
267,12.0
268,11.25
269,9.333333333333334
270,9.0
271,9.0
272,9.0
273,9.0
274,8.75
275,7.416666666666667
276,4.416666666666667
277,1.6666666666666667
278,4.0
279,2.1666666666666665
280,2.1666666666666665
281,3.0833333333333335
282,3.5833333333333335
283,3.9166666666666665
284,6.0
285,5.083333333333333
286,4.25
287,5.0
288,4.333333333333333
289,2.3333333333333335
290,1.3333333333333333
291,2.1666666666666665
292,1.6666666666666667
293,1.0
294,1.75
295,1.1666666666666667
296,1.0833333333333333
297,1.0
298,0.6666666666666666
299,0.8333333333333334
300,2.0
301,1.0833333333333333
302,3.0
303,2.0
304,4.5
305,6.916666666666667
306,6.0
307,6.0
308,1.9166666666666667
309,1.0
310,0.5833333333333334
311,2.0833333333333335
312,2.25
313,7.583333333333333
314,7.0
315,4.833333333333333
316,0.25
317,0.16666666666666666
318,0.0
319,0.0
320,0.0
321,0.0
322,0.0
323,0.0
324,0.0
325,0.0
326,1.5
327,1.75
328,1.3333333333333333
329,1.0833333333333333
330,2.25
331,2.0
332,2.6666666666666665
333,6.666666666666667
334,10.583333333333334
335,8.583333333333334
336,6.5
337,5.166666666666667
338,3.5833333333333335
339,2.3333333333333335
340,1.3333333333333333
341,2.0
342,0.8333333333333334
343,0.5833333333333334
344,1.0833333333333333
345,1.0833333333333333
346,0.4166666666666667
347,1.5
348,2.1666666666666665
349,2.3333333333333335
350,3.5833333333333335
351,3.1666666666666665
352,6.833333333333333
353,7.0
354,5.833333333333333
355,3.4166666666666665
356,1.0
357,0.0
358,3.3333333333333335
359,1.8333333333333333
360,4.916666666666667
361,3.25
362,2.0
363,1.0
364,1.0
365,0.6666666666666666
366,0.0
367,0.0
368,0.0
369,0.0
370,0.0
371,0.0
372,0.0
373,0.0
374,2.5
375,2.0
376,1.4166666666666667
377,0.5
378,4.083333333333333
379,7.0
380,7.0
381,6.916666666666667
382,5.0
383,2.3333333333333335
384,3.75
385,3.8333333333333335
386,2.75
387,1.9166666666666667
388,1.4166666666666667
389,2.9166666666666665
390,5.75
391,10.166666666666666
392,0.5833333333333334
393,0.0
394,0.0
395,0.25
396,2.8333333333333335
397,2.75
398,1.0833333333333333
399,1.0
400,1.25
401,1.75
402,2.4166666666666665
403,2.75
404,2.9166666666666665
405,5.916666666666667
406,6.25
407,5.25
408,5.0
409,4.25
410,1.6666666666666667
411,0.9166666666666666
412,1.1666666666666667
413,0.16666666666666666
414,0.08333333333333333
415,0.0
416,0.16666666666666666
417,0.08333333333333333
418,0.25
419,1.1666666666666667
420,2.5833333333333335
421,3.4166666666666665
422,2.5
423,4.5
424,3.0833333333333335
425,1.6666666666666667
426,7.583333333333333
427,8.0
428,8.0
429,8.416666666666666
430,8.75
431,5.75
432,4.416666666666667
433,1.4166666666666667
434,1.5
435,0.9166666666666666
436,0.5833333333333334
437,0.3333333333333333
438,0.25
439,0.0
440,0.0
441,0.6666666666666666
442,0.5833333333333334
443,1.1666666666666667
444,3.4166666666666665
445,3.5
446,3.5833333333333335
447,5.0
448,5.0
449,4.5
450,1.6666666666666667
451,2.0
452,3.0833333333333335
453,1.8333333333333333
454,3.0833333333333335
455,3.0
456,4.416666666666667
457,8.333333333333334
458,7.75
459,6.0
460,3.8333333333333335
461,0.5
462,0.0
463,0.0
464,0.0
465,0.0
466,0.0
467,0.4166666666666667
468,1.4166666666666667
469,2.0
470,2.5
471,1.25
472,0.3333333333333333
473,1.8333333333333333
474,3.3333333333333335
475,8.0
476,9.0
477,8.416666666666666
478,7.916666666666667
479,6.5
480,3.5
481,1.6666666666666667
482,2.75
483,2.5
484,1.0833333333333333
485,1.25
486,1.0833333333333333
487,0.16666666666666666
488,0.0
489,0.8333333333333334
490,0.3333333333333333
491,1.0833333333333333
492,1.6666666666666667
493,1.3333333333333333
494,1.5
495,3.25
496,5.916666666666667
497,5.833333333333333
498,4.666666666666667
499,3.0
500,3.0
501,2.75
502,3.3333333333333335
503,2.9166666666666665
504,1.8333333333333333
505,1.3333333333333333
506,2.5833333333333335
507,2.6666666666666665
508,3.5833333333333335
509,4.25
510,3.9166666666666665
511,1.9166666666666667
512,0.6666666666666666
513,1.0
514,1.0
515,2.3333333333333335
516,7.416666666666667
517,10.0
518,10.0
519,9.916666666666666
520,7.0
521,5.416666666666667
522,4.25
523,3.0
524,3.0
525,2.25
526,1.4166666666666667
527,1.75
528,3.4166666666666665
529,2.5833333333333335
530,4.666666666666667
531,5.75
532,5.0
533,4.25
534,4.0
535,4.0
536,4.0
537,4.0
538,3.4166666666666665
539,1.3333333333333333
540,1.5833333333333333
541,1.3333333333333333
542,1.1666666666666667
543,1.6666666666666667
544,0.8333333333333334
545,0.5833333333333334
546,3.8333333333333335
547,2.8333333333333335
548,2.5833333333333335
549,6.75
550,9.75
551,8.416666666666666
552,7.0
553,6.5
554,3.5
555,1.1666666666666667
556,3.5
557,2.0
558,2.25
559,3.25
560,2.9166666666666665
561,0.5
562,0.25
563,1.3333333333333333
564,1.6666666666666667
565,2.3333333333333335
566,2.4166666666666665
567,3.6666666666666665
568,2.1666666666666665
569,3.8333333333333335
570,4.0
571,4.0
572,3.8333333333333335
573,3.9166666666666665
574,3.0
575,4.0
576,3.8333333333333335
577,3.0833333333333335
578,0.4166666666666667
579,0.25
580,0.4166666666666667
581,0.25
582,0.4166666666666667
583,0.5
584,0.16666666666666666
585,3.1666666666666665
586,2.0833333333333335
587,0.0
588,3.5833333333333335
589,11.333333333333334
590,12.0
591,12.0
592,10.416666666666666
593,7.583333333333333
594,6.333333333333333
595,6.0
596,2.9166666666666665
597,0.0
598,0.0
599,0.0
600,1.5
601,1.5833333333333333
602,2.5
603,3.25
604,2.0833333333333335
605,1.25
606,3.25
607,3.0
608,3.5833333333333335
609,4.0
610,3.1666666666666665
611,3.0833333333333335
612,3.5833333333333335
613,3.0
614,2.25
615,2.0
616,1.0833333333333333
617,1.0
618,0.5
619,0.0
620,3.3333333333333335
621,3.1666666666666665
622,0.75
623,3.0
624,8.416666666666666
625,17.666666666666668
626,18.0
627,17.416666666666668
628,16.0
629,15.0
630,14.333333333333334
631,13.583333333333334
632,12.416666666666666
633,9.333333333333334
634,6.75
635,5.0
636,2.4166666666666665
637,1.4166666666666667
638,1.5
639,2.9166666666666665
640,3.0
641,0.3333333333333333
642,2.75
643,3.6666666666666665
644,1.5
645,8.0
646,11.166666666666666
647,9.666666666666666
648,8.166666666666666
649,5.0
650,3.0
651,2.8333333333333335
652,1.75
653,0.75
654,0.08333333333333333
655,0.0
656,2.0
657,2.1666666666666665
658,0.6666666666666666
659,1.9166666666666667
660,2.4166666666666665
661,1.5833333333333333
662,4.166666666666667
663,6.25
664,4.75
665,4.0
666,3.6666666666666665
667,2.75
668,2.0
669,2.6666666666666665
670,3.4166666666666665
671,6.666666666666667
672,11.0
673,11.0
674,10.833333333333334
675,10.0
676,10.0
677,5.916666666666667
678,1.75
679,0.6666666666666666
680,1.1666666666666667
681,1.0
682,0.4166666666666667
683,1.25
684,3.6666666666666665
685,3.3333333333333335
686,2.0
687,1.0
688,3.0833333333333335
689,5.0
690,5.0
691,5.0
692,5.0
693,5.0
694,2.5833333333333335
695,1.5
696,3.0833333333333335
697,2.1666666666666665
698,1.25
699,6.166666666666667
700,7.0
701,7.0
702,7.0
703,7.0
704,7.0
705,7.0
706,7.0
707,7.0
708,6.083333333333333
709,4.0
710,4.0
711,2.75
712,0.75
713,2.3333333333333335
714,4.0
715,3.8333333333333335
716,3.0
717,3.0
718,3.0
719,2.8333333333333335
720,0.9166666666666666
721,1.4166666666666667
722,2.5
723,3.25
724,3.3333333333333335
725,4.75
726,8.25
727,10.833333333333334
728,5.333333333333333
729,1.75
730,1.0
731,1.6666666666666667
732,1.4166666666666667
733,1.0833333333333333
734,2.5
735,3.6666666666666665
736,4.25
737,4.666666666666667
738,9.916666666666666
739,9.666666666666666
740,8.0
741,6.75
742,4.166666666666667
743,1.8333333333333333
744,2.3333333333333335
745,1.3333333333333333
746,2.3333333333333335
747,1.3333333333333333
748,1.25
749,0.6666666666666666
750,0.25
751,0.25
752,1.0833333333333333
753,0.08333333333333333
754,0.6666666666666666
755,1.3333333333333333
756,3.4166666666666665
757,1.9166666666666667
758,4.416666666666667
759,4.833333333333333
760,3.6666666666666665
761,3.0
762,3.3333333333333335
763,2.0833333333333335
764,2.5
765,2.75
766,4.166666666666667
767,2.6666666666666665
768,9.75
769,9.083333333333334
770,6.583333333333333
771,3.9166666666666665
772,0.5
773,0.0
774,0.0
775,0.0
776,0.0
777,0.0
778,0.0
779,0.0
780,0.0
781,0.0
782,0.0
783,0.0
784,0.0
785,0.0
786,0.0
787,0.0
788,2.4166666666666665
789,4.333333333333333
790,1.3333333333333333
791,2.5
792,1.9166666666666667
793,2.1666666666666665
794,8.5
795,11.0
796,11.0
797,11.0
798,11.0
799,11.0
800,10.0
801,10.0
802,9.333333333333334
803,7.916666666666667
804,6.416666666666667
805,4.0
806,2.3333333333333335
807,1.5833333333333333
808,1.8333333333333333
809,2.5
810,4.083333333333333
811,6.583333333333333
812,5.416666666666667
813,4.083333333333333
814,3.0
815,3.0
816,2.8333333333333335
817,1.3333333333333333
818,0.9166666666666666
819,1.0
820,0.5
821,0.4166666666666667
822,0.9166666666666666
823,1.0833333333333333
824,1.0
825,1.0833333333333333
826,0.08333333333333333
827,1.4166666666666667
828,2.9166666666666665
829,4.0
830,5.5
831,6.0
832,5.0
833,5.0
834,5.0
835,4.583333333333333
836,4.416666666666667
837,3.25
838,3.0
839,4.0
840,6.166666666666667
841,9.416666666666666
842,9.0
843,9.0
844,9.0
845,8.333333333333334
846,7.166666666666667
847,7.0
848,7.0
849,5.5
850,4.083333333333333
851,2.1666666666666665
852,2.0
853,1.5833333333333333
854,0.5833333333333334
855,1.1666666666666667
856,1.9166666666666667
857,6.416666666666667
858,7.583333333333333
859,6.5
860,6.0
861,5.666666666666667
862,4.0
863,2.3333333333333335
864,0.8333333333333334
865,8.416666666666666
866,8.583333333333334
867,6.916666666666667
868,6.0
869,6.0
870,5.0
871,2.5
872,2.0
873,2.0
874,0.6666666666666666
875,1.3333333333333333
876,2.4166666666666665
877,1.0
878,2.9166666666666665
879,5.583333333333333
880,6.166666666666667
881,4.833333333333333
882,4.0
883,4.0
884,2.1666666666666665
885,2.0
886,1.5
887,1.1666666666666667
888,1.9166666666666667
889,2.4166666666666665
890,2.0833333333333335
891,0.75
892,0.4166666666666667
893,1.0833333333333333
894,5.166666666666667
895,11.583333333333334
896,0.6666666666666666
897,1.3333333333333333
898,0.08333333333333333
899,0.5
900,1.25
901,1.6666666666666667
902,1.8333333333333333
903,1.9166666666666667
904,3.9166666666666665
905,6.0
906,5.583333333333333
907,4.25
908,4.0
909,2.4166666666666665
910,1.0833333333333333
911,0.0
912,0.0
913,0.0
914,0.0
915,0.0
916,0.0
917,0.0
918,0.0
919,0.0
920,0.0
921,0.0
922,0.0
923,0.0
924,0.0
925,0.0
926,0.0
927,0.0
928,1.9166666666666667
929,2.5
930,2.9166666666666665
931,1.8333333333333333
932,4.166666666666667
933,11.75
934,10.916666666666666
935,9.833333333333334
936,9.0
937,7.75
938,4.416666666666667
939,0.75
940,1.5
941,1.25
942,0.6666666666666666
943,0.75
944,1.0
945,1.0
946,2.4166666666666665
947,2.5
948,5.666666666666667
949,12.083333333333334
950,13.0
951,12.0
952,11.416666666666666
953,9.75
954,5.083333333333333
955,2.5833333333333335
956,1.5833333333333333
957,0.16666666666666666
958,0.75
959,1.4166666666666667
960,2.0
961,2.5
962,1.0
963,1.1666666666666667
964,2.0
965,3.5833333333333335
966,6.0
967,6.0
968,6.0
969,5.0
970,5.0
971,4.583333333333333
972,4.0
973,4.0
974,4.0
975,4.166666666666667
976,3.5
977,2.5
978,3.25
979,2.6666666666666665
980,3.3333333333333335
981,2.25
982,3.3333333333333335
983,9.666666666666666
984,9.333333333333334
985,8.0
986,8.0
987,7.833333333333333
988,7.0
989,7.0
990,6.0
991,5.666666666666667
992,5.0
993,3.1666666666666665
994,0.0
995,0.9166666666666666
996,2.1666666666666665
997,2.0833333333333335
998,2.1666666666666665
999,1.9166666666666667
1000,2.4166666666666665
1001,2.0
1002,2.0
1003,2.0
1004,1.4166666666666667
1005,1.0
1006,1.0
1007,1.4166666666666667
1008,3.25
1009,2.0833333333333335
1010,2.25
1011,2.75
1012,5.833333333333333
1013,6.833333333333333
1014,7.083333333333333
1015,5.083333333333333
1016,4.0
1017,4.0
1018,4.0
1019,3.4166666666666665
1020,2.0
1021,1.8333333333333333
1022,0.8333333333333334
1023,0.0
1024,0.0
1025,0.0
1026,0.0
1027,0.4166666666666667
1028,3.5833333333333335
1029,4.0
1030,3.0833333333333335
1031,2.0
1032,2.25
1033,2.0
1034,4.0
1035,3.0
1036,1.25
1037,2.0
1038,2.0
1039,1.5
1040,1.4166666666666667
1041,2.0
1042,2.4166666666666665
1043,3.0
1044,4.833333333333333
1045,8.583333333333334
1046,8.0
1047,8.5
1048,6.416666666666667
1049,3.8333333333333335
1050,3.0
1051,2.4166666666666665
1052,2.0
1053,0.9166666666666666
1054,2.0
1055,2.25
1056,1.1666666666666667
1057,3.4166666666666665
1058,2.4166666666666665
1059,2.3333333333333335
1060,2.4166666666666665
1061,4.416666666666667
1062,5.416666666666667
1063,6.083333333333333
1064,4.25
1065,2.1666666666666665
1066,2.0
1067,1.4166666666666667
1068,1.8333333333333333
1069,5.583333333333333
1070,8.083333333333334
1071,8.166666666666666
1072,9.5
1073,7.0
1074,4.75
1075,3.3333333333333335
1076,3.3333333333333335
1077,4.0
1078,3.75
1079,3.75
1080,1.9166666666666667
1081,2.5
1082,1.9166666666666667
1083,2.6666666666666665
1084,0.3333333333333333
1085,0.5833333333333334
1086,0.5833333333333334
1087,0.4166666666666667
1088,0.25
1089,0.08333333333333333
1090,0.75
1091,0.08333333333333333
1092,1.75
1093,4.5
1094,3.25
1095,3.25
1096,5.75
1097,7.0
1098,5.083333333333333
1099,3.0833333333333335
1100,2.0
1101,2.0
1102,0.75
1103,0.0
1104,1.75
1105,1.5
1106,3.0
1107,3.6666666666666665
1108,1.9166666666666667
1109,0.6666666666666666
1110,0.6666666666666666
1111,0.08333333333333333
1112,1.0
1113,0.6666666666666666
1114,0.6666666666666666
1115,1.0
1116,1.1666666666666667
1117,1.75
1118,2.5
1119,4.75
1120,8.333333333333334
1121,8.0
1122,7.5
1123,6.666666666666667
1124,5.583333333333333
1125,1.3333333333333333
1126,0.8333333333333334
1127,3.5833333333333335
1128,3.5
1129,4.333333333333333
1130,3.1666666666666665
1131,1.5
1132,3.0
1133,6.916666666666667
1134,9.0
1135,9.0
1136,9.0
1137,9.0
1138,9.0
1139,9.0
1140,8.416666666666666
1141,7.0
1142,6.75
1143,4.75
1144,3.0
1145,3.0
1146,1.5
1147,2.3333333333333335
1148,3.25
1149,5.083333333333333
1150,5.333333333333333
1151,4.833333333333333
1152,10.0
1153,10.0
1154,10.0
1155,10.0
1156,9.083333333333334
1157,8.0
1158,8.0
1159,8.0
1160,8.0
1161,7.333333333333333
1162,5.416666666666667
1163,4.166666666666667
1164,1.25
1165,0.5
1166,0.4166666666666667
1167,2.5
1168,3.8333333333333335
1169,2.8333333333333335
1170,4.0
1171,4.0
1172,4.0
1173,3.5
1174,2.1666666666666665
1175,1.0
1176,0.8333333333333334
1177,0.0
1178,1.8333333333333333
1179,6.833333333333333
1180,7.583333333333333
1181,7.833333333333333
1182,6.0
1183,4.916666666666667
1184,4.0
1185,4.0
1186,4.0
1187,4.0
1188,4.0
1189,3.1666666666666665
1190,2.4166666666666665
1191,2.0
1192,0.9166666666666666
1193,0.0
1194,1.25
1195,1.4166666666666667
1196,1.5
1197,1.6666666666666667
1198,1.9166666666666667
1199,3.5833333333333335
1200,2.8333333333333335
1201,2.1666666666666665
1202,2.6666666666666665
1203,3.0833333333333335
1204,1.4166666666666667
1205,1.4166666666666667
1206,1.1666666666666667
1207,1.0
1208,0.5
1209,0.08333333333333333
1210,0.0
1211,0.0
1212,1.1666666666666667
1213,3.5
1214,1.75
1215,2.4166666666666665
1216,0.9166666666666666
1217,0.5833333333333334
1218,0.9166666666666666
1219,1.75
1220,1.75
1221,3.0
1222,2.9166666666666665
1223,3.9166666666666665
1224,2.0833333333333335
1225,2.0833333333333335
1226,2.9166666666666665
1227,2.5
1228,4.166666666666667
1229,1.5833333333333333
1230,2.5
1231,2.0833333333333335
1232,0.9166666666666666
1233,0.16666666666666666
1234,0.25
1235,1.0833333333333333
1236,1.0833333333333333
1237,1.8333333333333333
1238,1.4166666666666667
1239,1.75
1240,2.3333333333333335
1241,1.5
1242,1.25
1243,1.3333333333333333
1244,1.0
1245,1.9166666666666667
1246,1.8333333333333333
1247,2.5
1248,1.6666666666666667
1249,1.8333333333333333
1250,2.3333333333333335
1251,2.0
1252,0.5
1253,0.5
1254,0.25
1255,0.75
1256,1.0
1257,1.5
1258,0.6666666666666666
1259,0.75
1260,1.5
1261,2.0
1262,0.9166666666666666
1263,0.8333333333333334
1264,2.5833333333333335
1265,1.3333333333333333
1266,1.1666666666666667
1267,1.4166666666666667
1268,1.4166666666666667
1269,2.3333333333333335
1270,1.5833333333333333
1271,2.0833333333333335
1272,2.4166666666666665
1273,1.6666666666666667
1274,0.75
1275,1.0
1276,1.4166666666666667
1277,1.25
1278,1.3333333333333333
1279,0.0
1280,0.0
1281,0.0
1282,1.1666666666666667
1283,0.4166666666666667
1284,1.3333333333333333
1285,1.3333333333333333
1286,1.25
1287,3.5833333333333335
1288,1.5
1289,2.5
1290,1.5833333333333333
1291,2.8333333333333335
1292,0.8333333333333334
1293,3.25
1294,2.4166666666666665
1295,2.5
1296,1.4166666666666667
1297,1.8333333333333333
1298,0.8333333333333334
1299,1.0
1300,1.25
1301,1.6666666666666667
1302,0.9166666666666666
1303,0.75
1304,0.4166666666666667
1305,0.0
1306,0.0
1307,0.25
1308,1.0
1309,2.75
1310,2.1666666666666665
1311,2.6666666666666665
1312,2.0
1313,1.5833333333333333
1314,3.3333333333333335
1315,3.5
1316,2.5833333333333335
1317,3.5
1318,2.1666666666666665
1319,1.75
1320,2.0833333333333335
1321,0.6666666666666666
1322,0.9166666666666666
1323,0.25
1324,0.8333333333333334
1325,1.0
1326,1.1666666666666667
1327,1.3333333333333333
1328,0.16666666666666666
1329,0.25
1330,0.6666666666666666
1331,0.25
1332,2.0
1333,1.3333333333333333
1334,2.4166666666666665
1335,4.833333333333333
1336,3.4166666666666665
1337,3.8333333333333335
1338,0.9166666666666666
1339,3.0
1340,2.75
1341,1.8333333333333333
1342,2.3333333333333335
1343,3.3333333333333335
1344,2.0833333333333335
1345,2.0
1346,2.5
1347,2.75
1348,1.9166666666666667
1349,1.0833333333333333
1350,1.3333333333333333
1351,0.5833333333333334
1352,0.0
1353,0.0
1354,0.08333333333333333
1355,0.8333333333333334
1356,1.25
1357,2.3333333333333335
1358,1.75
1359,2.5833333333333335
1360,1.75
1361,1.0833333333333333
1362,1.3333333333333333
1363,3.0833333333333335
1364,2.6666666666666665
1365,2.3333333333333335
1366,2.75
1367,2.1666666666666665
1368,1.6666666666666667
1369,1.5833333333333333
1370,2.0833333333333335
1371,1.4166666666666667
1372,2.5833333333333335
1373,1.8333333333333333
1374,1.75
1375,0.9166666666666666
1376,0.75
1377,1.25
1378,2.0
1379,2.0
1380,1.0833333333333333
1381,2.5
1382,1.3333333333333333
1383,2.5
1384,1.5
1385,0.5
1386,0.6666666666666666
1387,0.8333333333333334
1388,1.3333333333333333
1389,1.75
1390,1.25
1391,3.3333333333333335
1392,1.9166666666666667
1393,2.9166666666666665
1394,2.4166666666666665
1395,1.5833333333333333
1396,3.6666666666666665
1397,2.6666666666666665
1398,1.5
1399,1.75
1400,0.0
1401,0.16666666666666666
1402,0.0
1403,0.9166666666666666
1404,1.3333333333333333
1405,2.9166666666666665
1406,1.8333333333333333
1407,1.5833333333333333
1408,1.4166666666666667
1409,1.3333333333333333
1410,1.25
1411,2.25
1412,1.8333333333333333
1413,2.0
1414,1.0
1415,2.0
1416,1.8333333333333333
1417,0.5833333333333334
1418,0.6666666666666666
1419,2.9166666666666665
1420,1.5833333333333333
1421,1.5
1422,0.08333333333333333
1423,0.9166666666666666
1424,0.8333333333333334
1425,0.08333333333333333
1426,1.0
1427,0.9166666666666666
1428,1.3333333333333333
1429,1.6666666666666667
1430,1.6666666666666667
1431,1.5
1432,1.75
1433,1.5833333333333333
1434,1.0
1435,2.8333333333333335
1436,1.8333333333333333
1437,3.0833333333333335
1438,2.3333333333333335
1439,2.75
1440,2.6666666666666665
1441,2.0833333333333335
1442,0.8333333333333334
1443,1.3333333333333333
1444,0.75
1445,0.5
1446,0.6666666666666666
1447,0.4166666666666667
1448,0.0
1449,0.16666666666666666
1450,0.25
1451,1.1666666666666667
1452,0.3333333333333333
1453,2.0833333333333335
1454,1.5
1455,1.6666666666666667
1456,2.3333333333333335
1457,1.9166666666666667
1458,2.75
1459,1.8333333333333333
1460,2.3333333333333335
1461,2.25
1462,3.25
1463,2.5833333333333335
1464,2.0833333333333335
1465,1.5
1466,1.75
1467,1.5
1468,1.3333333333333333
1469,1.0
1470,0.75
1471,1.4166666666666667
1472,0.0
1473,0.5833333333333334
1474,0.4166666666666667
1475,1.3333333333333333
1476,1.1666666666666667
1477,2.3333333333333335
1478,1.5
1479,3.8333333333333335
1480,2.6666666666666665
1481,3.9166666666666665
1482,1.5833333333333333
1483,2.5833333333333335
1484,2.75
1485,3.3333333333333335
1486,2.4166666666666665
1487,2.5
1488,3.0
1489,2.4166666666666665
1490,1.0833333333333333
1491,1.75
1492,0.5833333333333334
1493,1.3333333333333333
1494,1.5833333333333333
1495,1.1666666666666667
1496,0.08333333333333333
1497,0.0
1498,0.08333333333333333
1499,0.16666666666666666
1500,0.0
1501,0.08333333333333333
1502,0.25
1503,0.75
1504,2.25
1505,2.5
1506,2.1666666666666665
1507,2.0
1508,2.1666666666666665
1509,2.0833333333333335
1510,2.3333333333333335
1511,2.0
1512,1.5
1513,1.0833333333333333
1514,0.8333333333333334
1515,1.6666666666666667
1516,0.3333333333333333
1517,0.0
1518,0.3333333333333333
1519,1.0
1520,1.0
1521,1.0
1522,1.25
1523,0.0
1524,0.6666666666666666
1525,1.0833333333333333
1526,1.6666666666666667
1527,0.75
1528,2.0
1529,1.9166666666666667
1530,1.25
1531,2.0
1532,1.0833333333333333
1533,2.0
1534,2.25
1535,1.5
1536,2.4166666666666665
1537,1.5
1538,1.25
1539,2.25
1540,1.5
1541,1.0
1542,1.0
1543,0.5833333333333334
1544,0.8333333333333334
1545,0.08333333333333333
1546,0.08333333333333333
1547,1.0
1548,2.8333333333333335
1549,2.75
1550,1.3333333333333333
1551,1.6666666666666667
1552,1.0
1553,1.6666666666666667
1554,1.0
1555,1.0
1556,2.0
1557,2.3333333333333335
1558,1.9166666666666667
1559,2.75
1560,1.6666666666666667
1561,1.6666666666666667
1562,1.5833333333333333
1563,2.75
1564,2.3333333333333335
1565,3.0833333333333335
1566,1.8333333333333333
1567,1.4166666666666667
1568,1.0
1569,0.08333333333333333
1570,0.0
1571,0.08333333333333333
1572,0.3333333333333333
1573,1.9166666666666667
1574,1.1666666666666667
1575,1.75
1576,2.5833333333333335
1577,1.6666666666666667
1578,1.8333333333333333
1579,1.5833333333333333
1580,1.4166666666666667
1581,1.75
1582,1.0833333333333333
1583,1.5833333333333333
1584,0.5
1585,1.0
1586,1.25
1587,1.3333333333333333
1588,1.0
1589,1.0
1590,0.8333333333333334
1591,0.0
1592,0.5833333333333334
1593,0.5
1594,0.5833333333333334
1595,1.6666666666666667
1596,0.5833333333333334
1597,0.9166666666666666
1598,1.5
1599,1.5
1600,0.0
1601,0.0
1602,0.0
1603,0.0
1604,0.0
1605,0.0
1606,0.0
1607,0.0
